path	binary
ext	00DE
ext.usca0	00DE00
ext.usca1	00DE01
ext.usca2	00DE02
ext.euas0	00DE20
ext.euas1	00DE21
ext.euas2	00DE22
ext.amei0	00DE40
ext.amei8	00DE48
sequential	01DE
idp	02DE
voyetra	03DE
moog	04DE
passportDesigns	05DE
lexicon	06DE
kurzweil	07DE
fender	08DE
midi9	09DE
akg	0aDE
voyce	0bDE
waveframe	0cDE
ada	0dDE
garfield	0eDE
ensoniq	0fDE
oberheim	10DE
apple	11DE
greyMatter	12DE
digidesign	13DE
palmtree	14DE
jlCooper	15DE
lowrey	16DE
adamsSmith	17DE
e-mu	18DE
harmony	19DE
art	1aDE
baldwin	1bDE
eventide	1cDE
inventronics	1dDE
keyConcepts	1eDE
clarity	1fDE
passac	20DE
siel	21DE
synthaxe	22DE
stepp	23DE
hohner	24DE
twister	25DE
ketron	26DE
jellinghaus	27DE
southworth	28DE
ppg	29DE
cesyg	2aDE
ssl	2bDE
avps	2cDE
neve	2dDE
soundtracs	2eDE
elka	2fDE
dynacord	30DE
viscount	31DE
drawmer	32DE
clavia	33DE
audioArch	34DE
generalMusic	35DE
cheetah	36DE
ctm	37DE
simmons	38DE
soundcraft	39DE
steinberg	3aDE
wersi	3bDE
avab	3cDE
digigram	3dDE
waldorf	3eDE
quasimidi	3fDE
kawai	40DE
roland	41DE
roland.ext	41DE00
roland.ext.sd	41DE0048
roland.ext.sd.rq	41DE004811
roland.ext.sd.rq.setup	41DE00481100
roland.ext.sd.rq.multi	41DE00481110
roland.ext.sd.rq.partGroup1	41DE00481111
roland.ext.sd.rq.partGroup2	41DE00481112
roland.ext.sd.rq.partGroup3	41DE00481113
roland.ext.sd.rq.partGroup4	41DE00481114
roland.ext.sd.rq.partGroup5	41DE00481115
roland.ext.sd.rq.partGroup6	41DE00481116
roland.ext.sd.rq.partGroup7	41DE00481117
roland.ext.sd.rq.partGroup8	41DE00481118
roland.ext.sd.dt	41DE004812
roland.ext.sd.dt.setup	41DE00481200
roland.ext.sd.dt.setup.reset	41DE0048120000
roland.ext.sd.dt.multi	41DE00481210
roland.ext.sd.dt.multi.timbre	41DE0048121000
roland.ext.sd.dt.multi.timbre.common	41DE004812100000
roland.ext.sd.dt.multi.timbre.chorus	41DE004812100002
roland.ext.sd.dt.multi.timbre.reverb	41DE004812100004
roland.ext.sd.dt.multi.timbre.mfx1a	41DE004812100006
roland.ext.sd.dt.multi.timbre.mfx1b	41DE004812100007
roland.ext.sd.dt.multi.timbre.mfx2a	41DE004812100008
roland.ext.sd.dt.multi.timbre.mfx2b	41DE004812100009
roland.ext.sd.dt.multi.timbre.mfx3a	41DE00481210000a
roland.ext.sd.dt.multi.timbre.mfx3b	41DE00481210000b
roland.ext.sd.dt.multi.timbre.part1	41DE004812100020
roland.ext.sd.dt.multi.timbre.part1.rxCh	41DE00481210002000
roland.ext.sd.dt.multi.timbre.part1.rxSwitch	41DE00481210002001
roland.ext.sd.dt.multi.timbre.part1.unknown02	41DE00481210002002
roland.ext.sd.dt.multi.timbre.part1.rxPort	41DE00481210002003
roland.ext.sd.dt.multi.timbre.part1.bankMsb	41DE00481210002004
roland.ext.sd.dt.multi.timbre.part1.bankLsb	41DE00481210002005
roland.ext.sd.dt.multi.timbre.part1.program	41DE00481210002006
roland.ext.sd.dt.multi.timbre.part1.volume	41DE00481210002007
roland.ext.sd.dt.multi.timbre.part1.panpot	41DE00481210002008
roland.ext.sd.dt.multi.timbre.part1.coarseTune	41DE00481210002009
roland.ext.sd.dt.multi.timbre.part1.fineTune	41DE0048121000200a
roland.ext.sd.dt.multi.timbre.part1.monoPoly	41DE0048121000200b
roland.ext.sd.dt.multi.timbre.part1.legato	41DE0048121000200c
roland.ext.sd.dt.multi.timbre.part1.pitchRange	41DE0048121000200d
roland.ext.sd.dt.multi.timbre.part1.portamentoSw	41DE0048121000200e
roland.ext.sd.dt.multi.timbre.part1.portamento	41DE0048121000200f
roland.ext.sd.dt.multi.timbre.part1.portamentoSecondByte	41DE00481210002010
roland.ext.sd.dt.multi.timbre.part1.brightness	41DE00481210002011
roland.ext.sd.dt.multi.timbre.part1.resonance	41DE00481210002012
roland.ext.sd.dt.multi.timbre.part1.attackTime	41DE00481210002013
roland.ext.sd.dt.multi.timbre.part1.releaseTime	41DE00481210002014
roland.ext.sd.dt.multi.timbre.part1.octaveShift	41DE00481210002015
roland.ext.sd.dt.multi.timbre.part1.veloSensitivity	41DE00481210002016
roland.ext.sd.dt.multi.timbre.part1.keyRangeLow	41DE00481210002017
roland.ext.sd.dt.multi.timbre.part1.keyRangeHigh	41DE00481210002018
roland.ext.sd.dt.multi.timbre.part1.keyFadeLow	41DE00481210002019
roland.ext.sd.dt.multi.timbre.part1.keyFadeHigh	41DE0048121000201a
roland.ext.sd.dt.multi.timbre.part1.muteSwitch	41DE0048121000201b
roland.ext.sd.dt.multi.timbre.part1.dry	41DE0048121000201c
roland.ext.sd.dt.multi.timbre.part1.chorus	41DE0048121000201d
roland.ext.sd.dt.multi.timbre.part1.reverb	41DE0048121000201e
roland.ext.sd.dt.multi.timbre.part1.outputAssign	41DE0048121000201f
roland.ext.sd.dt.multi.timbre.part1.mfxSlot	41DE00481210002020
roland.ext.sd.dt.multi.timbre.part1.decayTime	41DE00481210002021
roland.ext.sd.dt.multi.timbre.part1.vibratoRate	41DE00481210002022
roland.ext.sd.dt.multi.timbre.part1.vibratoDepth	41DE00481210002023
roland.ext.sd.dt.multi.timbre.part1.vibratoDelay	41DE00481210002024
roland.ext.sd.dt.multi.timbre.part1.modDepth	41DE00481210002025
roland.ext.sd.dt.multi.timbre.part1.patPitch	41DE00481210002026
roland.ext.sd.dt.multi.timbre.part1.patBrightness	41DE00481210002027
roland.ext.sd.dt.multi.timbre.part1.patAmplitude	41DE00481210002028
roland.ext.sd.dt.multi.timbre.part1.patPitchDepth	41DE00481210002029
roland.ext.sd.dt.multi.timbre.part1.patFilterDepth	41DE0048121000202a
roland.ext.sd.dt.multi.timbre.part1.patAmplitudeDepth	41DE0048121000202b
roland.ext.sd.dt.multi.timbre.part1.ccNumber	41DE0048121000202c
roland.ext.sd.dt.multi.timbre.part1.ccPitch	41DE0048121000202d
roland.ext.sd.dt.multi.timbre.part1.ccBrightness	41DE0048121000202e
roland.ext.sd.dt.multi.timbre.part1.ccAmplitude	41DE0048121000202f
roland.ext.sd.dt.multi.timbre.part1.ccPitchDepth	41DE00481210002030
roland.ext.sd.dt.multi.timbre.part1.ccFilterDepth	41DE00481210002031
roland.ext.sd.dt.multi.timbre.part1.ccAmplitudeDepth	41DE00481210002032
roland.ext.sd.dt.multi.timbre.part1.scaleTune0	41DE00481210002033
roland.ext.sd.dt.multi.timbre.part1.scaleTune1	41DE00481210002034
roland.ext.sd.dt.multi.timbre.part1.scaleTune2	41DE00481210002035
roland.ext.sd.dt.multi.timbre.part1.scaleTune3	41DE00481210002036
roland.ext.sd.dt.multi.timbre.part1.scaleTune4	41DE00481210002037
roland.ext.sd.dt.multi.timbre.part1.scaleTune5	41DE00481210002038
roland.ext.sd.dt.multi.timbre.part1.scaleTune6	41DE00481210002039
roland.ext.sd.dt.multi.timbre.part1.scaleTune7	41DE0048121000203a
roland.ext.sd.dt.multi.timbre.part1.scaleTune8	41DE0048121000203b
roland.ext.sd.dt.multi.timbre.part1.scaleTune9	41DE0048121000203c
roland.ext.sd.dt.multi.timbre.part1.scaleTune10	41DE0048121000203d
roland.ext.sd.dt.multi.timbre.part1.scaleTune11	41DE0048121000203e
roland.ext.sd.dt.multi.timbre.part1.sdGm2Set	41DE0048121000203f
roland.ext.sd.dt.multi.timbre.part2	41DE004812100021
roland.ext.sd.dt.multi.timbre.part2.rxCh	41DE00481210002100
roland.ext.sd.dt.multi.timbre.part2.rxSwitch	41DE00481210002101
roland.ext.sd.dt.multi.timbre.part2.unknown02	41DE00481210002102
roland.ext.sd.dt.multi.timbre.part2.rxPort	41DE00481210002103
roland.ext.sd.dt.multi.timbre.part2.bankMsb	41DE00481210002104
roland.ext.sd.dt.multi.timbre.part2.bankLsb	41DE00481210002105
roland.ext.sd.dt.multi.timbre.part2.program	41DE00481210002106
roland.ext.sd.dt.multi.timbre.part2.volume	41DE00481210002107
roland.ext.sd.dt.multi.timbre.part2.panpot	41DE00481210002108
roland.ext.sd.dt.multi.timbre.part2.coarseTune	41DE00481210002109
roland.ext.sd.dt.multi.timbre.part2.fineTune	41DE0048121000210a
roland.ext.sd.dt.multi.timbre.part2.monoPoly	41DE0048121000210b
roland.ext.sd.dt.multi.timbre.part2.legato	41DE0048121000210c
roland.ext.sd.dt.multi.timbre.part2.pitchRange	41DE0048121000210d
roland.ext.sd.dt.multi.timbre.part2.portamentoSw	41DE0048121000210e
roland.ext.sd.dt.multi.timbre.part2.portamento	41DE0048121000210f
roland.ext.sd.dt.multi.timbre.part2.portamentoSecondByte	41DE00481210002110
roland.ext.sd.dt.multi.timbre.part2.brightness	41DE00481210002111
roland.ext.sd.dt.multi.timbre.part2.resonance	41DE00481210002112
roland.ext.sd.dt.multi.timbre.part2.attackTime	41DE00481210002113
roland.ext.sd.dt.multi.timbre.part2.releaseTime	41DE00481210002114
roland.ext.sd.dt.multi.timbre.part2.octaveShift	41DE00481210002115
roland.ext.sd.dt.multi.timbre.part2.veloSensitivity	41DE00481210002116
roland.ext.sd.dt.multi.timbre.part2.keyRangeLow	41DE00481210002117
roland.ext.sd.dt.multi.timbre.part2.keyRangeHigh	41DE00481210002118
roland.ext.sd.dt.multi.timbre.part2.keyFadeLow	41DE00481210002119
roland.ext.sd.dt.multi.timbre.part2.keyFadeHigh	41DE0048121000211a
roland.ext.sd.dt.multi.timbre.part2.muteSwitch	41DE0048121000211b
roland.ext.sd.dt.multi.timbre.part2.dry	41DE0048121000211c
roland.ext.sd.dt.multi.timbre.part2.chorus	41DE0048121000211d
roland.ext.sd.dt.multi.timbre.part2.reverb	41DE0048121000211e
roland.ext.sd.dt.multi.timbre.part2.outputAssign	41DE0048121000211f
roland.ext.sd.dt.multi.timbre.part2.mfxSlot	41DE00481210002120
roland.ext.sd.dt.multi.timbre.part2.decayTime	41DE00481210002121
roland.ext.sd.dt.multi.timbre.part2.vibratoRate	41DE00481210002122
roland.ext.sd.dt.multi.timbre.part2.vibratoDepth	41DE00481210002123
roland.ext.sd.dt.multi.timbre.part2.vibratoDelay	41DE00481210002124
roland.ext.sd.dt.multi.timbre.part2.modDepth	41DE00481210002125
roland.ext.sd.dt.multi.timbre.part2.patPitch	41DE00481210002126
roland.ext.sd.dt.multi.timbre.part2.patBrightness	41DE00481210002127
roland.ext.sd.dt.multi.timbre.part2.patAmplitude	41DE00481210002128
roland.ext.sd.dt.multi.timbre.part2.patPitchDepth	41DE00481210002129
roland.ext.sd.dt.multi.timbre.part2.patFilterDepth	41DE0048121000212a
roland.ext.sd.dt.multi.timbre.part2.patAmplitudeDepth	41DE0048121000212b
roland.ext.sd.dt.multi.timbre.part2.ccNumber	41DE0048121000212c
roland.ext.sd.dt.multi.timbre.part2.ccPitch	41DE0048121000212d
roland.ext.sd.dt.multi.timbre.part2.ccBrightness	41DE0048121000212e
roland.ext.sd.dt.multi.timbre.part2.ccAmplitude	41DE0048121000212f
roland.ext.sd.dt.multi.timbre.part2.ccPitchDepth	41DE00481210002130
roland.ext.sd.dt.multi.timbre.part2.ccFilterDepth	41DE00481210002131
roland.ext.sd.dt.multi.timbre.part2.ccAmplitudeDepth	41DE00481210002132
roland.ext.sd.dt.multi.timbre.part2.scaleTune0	41DE00481210002133
roland.ext.sd.dt.multi.timbre.part2.scaleTune1	41DE00481210002134
roland.ext.sd.dt.multi.timbre.part2.scaleTune2	41DE00481210002135
roland.ext.sd.dt.multi.timbre.part2.scaleTune3	41DE00481210002136
roland.ext.sd.dt.multi.timbre.part2.scaleTune4	41DE00481210002137
roland.ext.sd.dt.multi.timbre.part2.scaleTune5	41DE00481210002138
roland.ext.sd.dt.multi.timbre.part2.scaleTune6	41DE00481210002139
roland.ext.sd.dt.multi.timbre.part2.scaleTune7	41DE0048121000213a
roland.ext.sd.dt.multi.timbre.part2.scaleTune8	41DE0048121000213b
roland.ext.sd.dt.multi.timbre.part2.scaleTune9	41DE0048121000213c
roland.ext.sd.dt.multi.timbre.part2.scaleTune10	41DE0048121000213d
roland.ext.sd.dt.multi.timbre.part2.scaleTune11	41DE0048121000213e
roland.ext.sd.dt.multi.timbre.part2.sdGm2Set	41DE0048121000213f
roland.ext.sd.dt.multi.timbre.part3	41DE004812100022
roland.ext.sd.dt.multi.timbre.part3.rxCh	41DE00481210002200
roland.ext.sd.dt.multi.timbre.part3.rxSwitch	41DE00481210002201
roland.ext.sd.dt.multi.timbre.part3.unknown02	41DE00481210002202
roland.ext.sd.dt.multi.timbre.part3.rxPort	41DE00481210002203
roland.ext.sd.dt.multi.timbre.part3.bankMsb	41DE00481210002204
roland.ext.sd.dt.multi.timbre.part3.bankLsb	41DE00481210002205
roland.ext.sd.dt.multi.timbre.part3.program	41DE00481210002206
roland.ext.sd.dt.multi.timbre.part3.volume	41DE00481210002207
roland.ext.sd.dt.multi.timbre.part3.panpot	41DE00481210002208
roland.ext.sd.dt.multi.timbre.part3.coarseTune	41DE00481210002209
roland.ext.sd.dt.multi.timbre.part3.fineTune	41DE0048121000220a
roland.ext.sd.dt.multi.timbre.part3.monoPoly	41DE0048121000220b
roland.ext.sd.dt.multi.timbre.part3.legato	41DE0048121000220c
roland.ext.sd.dt.multi.timbre.part3.pitchRange	41DE0048121000220d
roland.ext.sd.dt.multi.timbre.part3.portamentoSw	41DE0048121000220e
roland.ext.sd.dt.multi.timbre.part3.portamento	41DE0048121000220f
roland.ext.sd.dt.multi.timbre.part3.portamentoSecondByte	41DE00481210002210
roland.ext.sd.dt.multi.timbre.part3.brightness	41DE00481210002211
roland.ext.sd.dt.multi.timbre.part3.resonance	41DE00481210002212
roland.ext.sd.dt.multi.timbre.part3.attackTime	41DE00481210002213
roland.ext.sd.dt.multi.timbre.part3.releaseTime	41DE00481210002214
roland.ext.sd.dt.multi.timbre.part3.octaveShift	41DE00481210002215
roland.ext.sd.dt.multi.timbre.part3.veloSensitivity	41DE00481210002216
roland.ext.sd.dt.multi.timbre.part3.keyRangeLow	41DE00481210002217
roland.ext.sd.dt.multi.timbre.part3.keyRangeHigh	41DE00481210002218
roland.ext.sd.dt.multi.timbre.part3.keyFadeLow	41DE00481210002219
roland.ext.sd.dt.multi.timbre.part3.keyFadeHigh	41DE0048121000221a
roland.ext.sd.dt.multi.timbre.part3.muteSwitch	41DE0048121000221b
roland.ext.sd.dt.multi.timbre.part3.dry	41DE0048121000221c
roland.ext.sd.dt.multi.timbre.part3.chorus	41DE0048121000221d
roland.ext.sd.dt.multi.timbre.part3.reverb	41DE0048121000221e
roland.ext.sd.dt.multi.timbre.part3.outputAssign	41DE0048121000221f
roland.ext.sd.dt.multi.timbre.part3.mfxSlot	41DE00481210002220
roland.ext.sd.dt.multi.timbre.part3.decayTime	41DE00481210002221
roland.ext.sd.dt.multi.timbre.part3.vibratoRate	41DE00481210002222
roland.ext.sd.dt.multi.timbre.part3.vibratoDepth	41DE00481210002223
roland.ext.sd.dt.multi.timbre.part3.vibratoDelay	41DE00481210002224
roland.ext.sd.dt.multi.timbre.part3.modDepth	41DE00481210002225
roland.ext.sd.dt.multi.timbre.part3.patPitch	41DE00481210002226
roland.ext.sd.dt.multi.timbre.part3.patBrightness	41DE00481210002227
roland.ext.sd.dt.multi.timbre.part3.patAmplitude	41DE00481210002228
roland.ext.sd.dt.multi.timbre.part3.patPitchDepth	41DE00481210002229
roland.ext.sd.dt.multi.timbre.part3.patFilterDepth	41DE0048121000222a
roland.ext.sd.dt.multi.timbre.part3.patAmplitudeDepth	41DE0048121000222b
roland.ext.sd.dt.multi.timbre.part3.ccNumber	41DE0048121000222c
roland.ext.sd.dt.multi.timbre.part3.ccPitch	41DE0048121000222d
roland.ext.sd.dt.multi.timbre.part3.ccBrightness	41DE0048121000222e
roland.ext.sd.dt.multi.timbre.part3.ccAmplitude	41DE0048121000222f
roland.ext.sd.dt.multi.timbre.part3.ccPitchDepth	41DE00481210002230
roland.ext.sd.dt.multi.timbre.part3.ccFilterDepth	41DE00481210002231
roland.ext.sd.dt.multi.timbre.part3.ccAmplitudeDepth	41DE00481210002232
roland.ext.sd.dt.multi.timbre.part3.scaleTune0	41DE00481210002233
roland.ext.sd.dt.multi.timbre.part3.scaleTune1	41DE00481210002234
roland.ext.sd.dt.multi.timbre.part3.scaleTune2	41DE00481210002235
roland.ext.sd.dt.multi.timbre.part3.scaleTune3	41DE00481210002236
roland.ext.sd.dt.multi.timbre.part3.scaleTune4	41DE00481210002237
roland.ext.sd.dt.multi.timbre.part3.scaleTune5	41DE00481210002238
roland.ext.sd.dt.multi.timbre.part3.scaleTune6	41DE00481210002239
roland.ext.sd.dt.multi.timbre.part3.scaleTune7	41DE0048121000223a
roland.ext.sd.dt.multi.timbre.part3.scaleTune8	41DE0048121000223b
roland.ext.sd.dt.multi.timbre.part3.scaleTune9	41DE0048121000223c
roland.ext.sd.dt.multi.timbre.part3.scaleTune10	41DE0048121000223d
roland.ext.sd.dt.multi.timbre.part3.scaleTune11	41DE0048121000223e
roland.ext.sd.dt.multi.timbre.part3.sdGm2Set	41DE0048121000223f
roland.ext.sd.dt.multi.timbre.part4	41DE004812100023
roland.ext.sd.dt.multi.timbre.part4.rxCh	41DE00481210002300
roland.ext.sd.dt.multi.timbre.part4.rxSwitch	41DE00481210002301
roland.ext.sd.dt.multi.timbre.part4.unknown02	41DE00481210002302
roland.ext.sd.dt.multi.timbre.part4.rxPort	41DE00481210002303
roland.ext.sd.dt.multi.timbre.part4.bankMsb	41DE00481210002304
roland.ext.sd.dt.multi.timbre.part4.bankLsb	41DE00481210002305
roland.ext.sd.dt.multi.timbre.part4.program	41DE00481210002306
roland.ext.sd.dt.multi.timbre.part4.volume	41DE00481210002307
roland.ext.sd.dt.multi.timbre.part4.panpot	41DE00481210002308
roland.ext.sd.dt.multi.timbre.part4.coarseTune	41DE00481210002309
roland.ext.sd.dt.multi.timbre.part4.fineTune	41DE0048121000230a
roland.ext.sd.dt.multi.timbre.part4.monoPoly	41DE0048121000230b
roland.ext.sd.dt.multi.timbre.part4.legato	41DE0048121000230c
roland.ext.sd.dt.multi.timbre.part4.pitchRange	41DE0048121000230d
roland.ext.sd.dt.multi.timbre.part4.portamentoSw	41DE0048121000230e
roland.ext.sd.dt.multi.timbre.part4.portamento	41DE0048121000230f
roland.ext.sd.dt.multi.timbre.part4.portamentoSecondByte	41DE00481210002310
roland.ext.sd.dt.multi.timbre.part4.brightness	41DE00481210002311
roland.ext.sd.dt.multi.timbre.part4.resonance	41DE00481210002312
roland.ext.sd.dt.multi.timbre.part4.attackTime	41DE00481210002313
roland.ext.sd.dt.multi.timbre.part4.releaseTime	41DE00481210002314
roland.ext.sd.dt.multi.timbre.part4.octaveShift	41DE00481210002315
roland.ext.sd.dt.multi.timbre.part4.veloSensitivity	41DE00481210002316
roland.ext.sd.dt.multi.timbre.part4.keyRangeLow	41DE00481210002317
roland.ext.sd.dt.multi.timbre.part4.keyRangeHigh	41DE00481210002318
roland.ext.sd.dt.multi.timbre.part4.keyFadeLow	41DE00481210002319
roland.ext.sd.dt.multi.timbre.part4.keyFadeHigh	41DE0048121000231a
roland.ext.sd.dt.multi.timbre.part4.muteSwitch	41DE0048121000231b
roland.ext.sd.dt.multi.timbre.part4.dry	41DE0048121000231c
roland.ext.sd.dt.multi.timbre.part4.chorus	41DE0048121000231d
roland.ext.sd.dt.multi.timbre.part4.reverb	41DE0048121000231e
roland.ext.sd.dt.multi.timbre.part4.outputAssign	41DE0048121000231f
roland.ext.sd.dt.multi.timbre.part4.mfxSlot	41DE00481210002320
roland.ext.sd.dt.multi.timbre.part4.decayTime	41DE00481210002321
roland.ext.sd.dt.multi.timbre.part4.vibratoRate	41DE00481210002322
roland.ext.sd.dt.multi.timbre.part4.vibratoDepth	41DE00481210002323
roland.ext.sd.dt.multi.timbre.part4.vibratoDelay	41DE00481210002324
roland.ext.sd.dt.multi.timbre.part4.modDepth	41DE00481210002325
roland.ext.sd.dt.multi.timbre.part4.patPitch	41DE00481210002326
roland.ext.sd.dt.multi.timbre.part4.patBrightness	41DE00481210002327
roland.ext.sd.dt.multi.timbre.part4.patAmplitude	41DE00481210002328
roland.ext.sd.dt.multi.timbre.part4.patPitchDepth	41DE00481210002329
roland.ext.sd.dt.multi.timbre.part4.patFilterDepth	41DE0048121000232a
roland.ext.sd.dt.multi.timbre.part4.patAmplitudeDepth	41DE0048121000232b
roland.ext.sd.dt.multi.timbre.part4.ccNumber	41DE0048121000232c
roland.ext.sd.dt.multi.timbre.part4.ccPitch	41DE0048121000232d
roland.ext.sd.dt.multi.timbre.part4.ccBrightness	41DE0048121000232e
roland.ext.sd.dt.multi.timbre.part4.ccAmplitude	41DE0048121000232f
roland.ext.sd.dt.multi.timbre.part4.ccPitchDepth	41DE00481210002330
roland.ext.sd.dt.multi.timbre.part4.ccFilterDepth	41DE00481210002331
roland.ext.sd.dt.multi.timbre.part4.ccAmplitudeDepth	41DE00481210002332
roland.ext.sd.dt.multi.timbre.part4.scaleTune0	41DE00481210002333
roland.ext.sd.dt.multi.timbre.part4.scaleTune1	41DE00481210002334
roland.ext.sd.dt.multi.timbre.part4.scaleTune2	41DE00481210002335
roland.ext.sd.dt.multi.timbre.part4.scaleTune3	41DE00481210002336
roland.ext.sd.dt.multi.timbre.part4.scaleTune4	41DE00481210002337
roland.ext.sd.dt.multi.timbre.part4.scaleTune5	41DE00481210002338
roland.ext.sd.dt.multi.timbre.part4.scaleTune6	41DE00481210002339
roland.ext.sd.dt.multi.timbre.part4.scaleTune7	41DE0048121000233a
roland.ext.sd.dt.multi.timbre.part4.scaleTune8	41DE0048121000233b
roland.ext.sd.dt.multi.timbre.part4.scaleTune9	41DE0048121000233c
roland.ext.sd.dt.multi.timbre.part4.scaleTune10	41DE0048121000233d
roland.ext.sd.dt.multi.timbre.part4.scaleTune11	41DE0048121000233e
roland.ext.sd.dt.multi.timbre.part4.sdGm2Set	41DE0048121000233f
roland.ext.sd.dt.multi.timbre.part5	41DE004812100024
roland.ext.sd.dt.multi.timbre.part5.rxCh	41DE00481210002400
roland.ext.sd.dt.multi.timbre.part5.rxSwitch	41DE00481210002401
roland.ext.sd.dt.multi.timbre.part5.unknown02	41DE00481210002402
roland.ext.sd.dt.multi.timbre.part5.rxPort	41DE00481210002403
roland.ext.sd.dt.multi.timbre.part5.bankMsb	41DE00481210002404
roland.ext.sd.dt.multi.timbre.part5.bankLsb	41DE00481210002405
roland.ext.sd.dt.multi.timbre.part5.program	41DE00481210002406
roland.ext.sd.dt.multi.timbre.part5.volume	41DE00481210002407
roland.ext.sd.dt.multi.timbre.part5.panpot	41DE00481210002408
roland.ext.sd.dt.multi.timbre.part5.coarseTune	41DE00481210002409
roland.ext.sd.dt.multi.timbre.part5.fineTune	41DE0048121000240a
roland.ext.sd.dt.multi.timbre.part5.monoPoly	41DE0048121000240b
roland.ext.sd.dt.multi.timbre.part5.legato	41DE0048121000240c
roland.ext.sd.dt.multi.timbre.part5.pitchRange	41DE0048121000240d
roland.ext.sd.dt.multi.timbre.part5.portamentoSw	41DE0048121000240e
roland.ext.sd.dt.multi.timbre.part5.portamento	41DE0048121000240f
roland.ext.sd.dt.multi.timbre.part5.portamentoSecondByte	41DE00481210002410
roland.ext.sd.dt.multi.timbre.part5.brightness	41DE00481210002411
roland.ext.sd.dt.multi.timbre.part5.resonance	41DE00481210002412
roland.ext.sd.dt.multi.timbre.part5.attackTime	41DE00481210002413
roland.ext.sd.dt.multi.timbre.part5.releaseTime	41DE00481210002414
roland.ext.sd.dt.multi.timbre.part5.octaveShift	41DE00481210002415
roland.ext.sd.dt.multi.timbre.part5.veloSensitivity	41DE00481210002416
roland.ext.sd.dt.multi.timbre.part5.keyRangeLow	41DE00481210002417
roland.ext.sd.dt.multi.timbre.part5.keyRangeHigh	41DE00481210002418
roland.ext.sd.dt.multi.timbre.part5.keyFadeLow	41DE00481210002419
roland.ext.sd.dt.multi.timbre.part5.keyFadeHigh	41DE0048121000241a
roland.ext.sd.dt.multi.timbre.part5.muteSwitch	41DE0048121000241b
roland.ext.sd.dt.multi.timbre.part5.dry	41DE0048121000241c
roland.ext.sd.dt.multi.timbre.part5.chorus	41DE0048121000241d
roland.ext.sd.dt.multi.timbre.part5.reverb	41DE0048121000241e
roland.ext.sd.dt.multi.timbre.part5.outputAssign	41DE0048121000241f
roland.ext.sd.dt.multi.timbre.part5.mfxSlot	41DE00481210002420
roland.ext.sd.dt.multi.timbre.part5.decayTime	41DE00481210002421
roland.ext.sd.dt.multi.timbre.part5.vibratoRate	41DE00481210002422
roland.ext.sd.dt.multi.timbre.part5.vibratoDepth	41DE00481210002423
roland.ext.sd.dt.multi.timbre.part5.vibratoDelay	41DE00481210002424
roland.ext.sd.dt.multi.timbre.part5.modDepth	41DE00481210002425
roland.ext.sd.dt.multi.timbre.part5.patPitch	41DE00481210002426
roland.ext.sd.dt.multi.timbre.part5.patBrightness	41DE00481210002427
roland.ext.sd.dt.multi.timbre.part5.patAmplitude	41DE00481210002428
roland.ext.sd.dt.multi.timbre.part5.patPitchDepth	41DE00481210002429
roland.ext.sd.dt.multi.timbre.part5.patFilterDepth	41DE0048121000242a
roland.ext.sd.dt.multi.timbre.part5.patAmplitudeDepth	41DE0048121000242b
roland.ext.sd.dt.multi.timbre.part5.ccNumber	41DE0048121000242c
roland.ext.sd.dt.multi.timbre.part5.ccPitch	41DE0048121000242d
roland.ext.sd.dt.multi.timbre.part5.ccBrightness	41DE0048121000242e
roland.ext.sd.dt.multi.timbre.part5.ccAmplitude	41DE0048121000242f
roland.ext.sd.dt.multi.timbre.part5.ccPitchDepth	41DE00481210002430
roland.ext.sd.dt.multi.timbre.part5.ccFilterDepth	41DE00481210002431
roland.ext.sd.dt.multi.timbre.part5.ccAmplitudeDepth	41DE00481210002432
roland.ext.sd.dt.multi.timbre.part5.scaleTune0	41DE00481210002433
roland.ext.sd.dt.multi.timbre.part5.scaleTune1	41DE00481210002434
roland.ext.sd.dt.multi.timbre.part5.scaleTune2	41DE00481210002435
roland.ext.sd.dt.multi.timbre.part5.scaleTune3	41DE00481210002436
roland.ext.sd.dt.multi.timbre.part5.scaleTune4	41DE00481210002437
roland.ext.sd.dt.multi.timbre.part5.scaleTune5	41DE00481210002438
roland.ext.sd.dt.multi.timbre.part5.scaleTune6	41DE00481210002439
roland.ext.sd.dt.multi.timbre.part5.scaleTune7	41DE0048121000243a
roland.ext.sd.dt.multi.timbre.part5.scaleTune8	41DE0048121000243b
roland.ext.sd.dt.multi.timbre.part5.scaleTune9	41DE0048121000243c
roland.ext.sd.dt.multi.timbre.part5.scaleTune10	41DE0048121000243d
roland.ext.sd.dt.multi.timbre.part5.scaleTune11	41DE0048121000243e
roland.ext.sd.dt.multi.timbre.part5.sdGm2Set	41DE0048121000243f
roland.ext.sd.dt.multi.timbre.part6	41DE004812100025
roland.ext.sd.dt.multi.timbre.part6.rxCh	41DE00481210002500
roland.ext.sd.dt.multi.timbre.part6.rxSwitch	41DE00481210002501
roland.ext.sd.dt.multi.timbre.part6.unknown02	41DE00481210002502
roland.ext.sd.dt.multi.timbre.part6.rxPort	41DE00481210002503
roland.ext.sd.dt.multi.timbre.part6.bankMsb	41DE00481210002504
roland.ext.sd.dt.multi.timbre.part6.bankLsb	41DE00481210002505
roland.ext.sd.dt.multi.timbre.part6.program	41DE00481210002506
roland.ext.sd.dt.multi.timbre.part6.volume	41DE00481210002507
roland.ext.sd.dt.multi.timbre.part6.panpot	41DE00481210002508
roland.ext.sd.dt.multi.timbre.part6.coarseTune	41DE00481210002509
roland.ext.sd.dt.multi.timbre.part6.fineTune	41DE0048121000250a
roland.ext.sd.dt.multi.timbre.part6.monoPoly	41DE0048121000250b
roland.ext.sd.dt.multi.timbre.part6.legato	41DE0048121000250c
roland.ext.sd.dt.multi.timbre.part6.pitchRange	41DE0048121000250d
roland.ext.sd.dt.multi.timbre.part6.portamentoSw	41DE0048121000250e
roland.ext.sd.dt.multi.timbre.part6.portamento	41DE0048121000250f
roland.ext.sd.dt.multi.timbre.part6.portamentoSecondByte	41DE00481210002510
roland.ext.sd.dt.multi.timbre.part6.brightness	41DE00481210002511
roland.ext.sd.dt.multi.timbre.part6.resonance	41DE00481210002512
roland.ext.sd.dt.multi.timbre.part6.attackTime	41DE00481210002513
roland.ext.sd.dt.multi.timbre.part6.releaseTime	41DE00481210002514
roland.ext.sd.dt.multi.timbre.part6.octaveShift	41DE00481210002515
roland.ext.sd.dt.multi.timbre.part6.veloSensitivity	41DE00481210002516
roland.ext.sd.dt.multi.timbre.part6.keyRangeLow	41DE00481210002517
roland.ext.sd.dt.multi.timbre.part6.keyRangeHigh	41DE00481210002518
roland.ext.sd.dt.multi.timbre.part6.keyFadeLow	41DE00481210002519
roland.ext.sd.dt.multi.timbre.part6.keyFadeHigh	41DE0048121000251a
roland.ext.sd.dt.multi.timbre.part6.muteSwitch	41DE0048121000251b
roland.ext.sd.dt.multi.timbre.part6.dry	41DE0048121000251c
roland.ext.sd.dt.multi.timbre.part6.chorus	41DE0048121000251d
roland.ext.sd.dt.multi.timbre.part6.reverb	41DE0048121000251e
roland.ext.sd.dt.multi.timbre.part6.outputAssign	41DE0048121000251f
roland.ext.sd.dt.multi.timbre.part6.mfxSlot	41DE00481210002520
roland.ext.sd.dt.multi.timbre.part6.decayTime	41DE00481210002521
roland.ext.sd.dt.multi.timbre.part6.vibratoRate	41DE00481210002522
roland.ext.sd.dt.multi.timbre.part6.vibratoDepth	41DE00481210002523
roland.ext.sd.dt.multi.timbre.part6.vibratoDelay	41DE00481210002524
roland.ext.sd.dt.multi.timbre.part6.modDepth	41DE00481210002525
roland.ext.sd.dt.multi.timbre.part6.patPitch	41DE00481210002526
roland.ext.sd.dt.multi.timbre.part6.patBrightness	41DE00481210002527
roland.ext.sd.dt.multi.timbre.part6.patAmplitude	41DE00481210002528
roland.ext.sd.dt.multi.timbre.part6.patPitchDepth	41DE00481210002529
roland.ext.sd.dt.multi.timbre.part6.patFilterDepth	41DE0048121000252a
roland.ext.sd.dt.multi.timbre.part6.patAmplitudeDepth	41DE0048121000252b
roland.ext.sd.dt.multi.timbre.part6.ccNumber	41DE0048121000252c
roland.ext.sd.dt.multi.timbre.part6.ccPitch	41DE0048121000252d
roland.ext.sd.dt.multi.timbre.part6.ccBrightness	41DE0048121000252e
roland.ext.sd.dt.multi.timbre.part6.ccAmplitude	41DE0048121000252f
roland.ext.sd.dt.multi.timbre.part6.ccPitchDepth	41DE00481210002530
roland.ext.sd.dt.multi.timbre.part6.ccFilterDepth	41DE00481210002531
roland.ext.sd.dt.multi.timbre.part6.ccAmplitudeDepth	41DE00481210002532
roland.ext.sd.dt.multi.timbre.part6.scaleTune0	41DE00481210002533
roland.ext.sd.dt.multi.timbre.part6.scaleTune1	41DE00481210002534
roland.ext.sd.dt.multi.timbre.part6.scaleTune2	41DE00481210002535
roland.ext.sd.dt.multi.timbre.part6.scaleTune3	41DE00481210002536
roland.ext.sd.dt.multi.timbre.part6.scaleTune4	41DE00481210002537
roland.ext.sd.dt.multi.timbre.part6.scaleTune5	41DE00481210002538
roland.ext.sd.dt.multi.timbre.part6.scaleTune6	41DE00481210002539
roland.ext.sd.dt.multi.timbre.part6.scaleTune7	41DE0048121000253a
roland.ext.sd.dt.multi.timbre.part6.scaleTune8	41DE0048121000253b
roland.ext.sd.dt.multi.timbre.part6.scaleTune9	41DE0048121000253c
roland.ext.sd.dt.multi.timbre.part6.scaleTune10	41DE0048121000253d
roland.ext.sd.dt.multi.timbre.part6.scaleTune11	41DE0048121000253e
roland.ext.sd.dt.multi.timbre.part6.sdGm2Set	41DE0048121000253f
roland.ext.sd.dt.multi.timbre.part7	41DE004812100026
roland.ext.sd.dt.multi.timbre.part7.rxCh	41DE00481210002600
roland.ext.sd.dt.multi.timbre.part7.rxSwitch	41DE00481210002601
roland.ext.sd.dt.multi.timbre.part7.unknown02	41DE00481210002602
roland.ext.sd.dt.multi.timbre.part7.rxPort	41DE00481210002603
roland.ext.sd.dt.multi.timbre.part7.bankMsb	41DE00481210002604
roland.ext.sd.dt.multi.timbre.part7.bankLsb	41DE00481210002605
roland.ext.sd.dt.multi.timbre.part7.program	41DE00481210002606
roland.ext.sd.dt.multi.timbre.part7.volume	41DE00481210002607
roland.ext.sd.dt.multi.timbre.part7.panpot	41DE00481210002608
roland.ext.sd.dt.multi.timbre.part7.coarseTune	41DE00481210002609
roland.ext.sd.dt.multi.timbre.part7.fineTune	41DE0048121000260a
roland.ext.sd.dt.multi.timbre.part7.monoPoly	41DE0048121000260b
roland.ext.sd.dt.multi.timbre.part7.legato	41DE0048121000260c
roland.ext.sd.dt.multi.timbre.part7.pitchRange	41DE0048121000260d
roland.ext.sd.dt.multi.timbre.part7.portamentoSw	41DE0048121000260e
roland.ext.sd.dt.multi.timbre.part7.portamento	41DE0048121000260f
roland.ext.sd.dt.multi.timbre.part7.portamentoSecondByte	41DE00481210002610
roland.ext.sd.dt.multi.timbre.part7.brightness	41DE00481210002611
roland.ext.sd.dt.multi.timbre.part7.resonance	41DE00481210002612
roland.ext.sd.dt.multi.timbre.part7.attackTime	41DE00481210002613
roland.ext.sd.dt.multi.timbre.part7.releaseTime	41DE00481210002614
roland.ext.sd.dt.multi.timbre.part7.octaveShift	41DE00481210002615
roland.ext.sd.dt.multi.timbre.part7.veloSensitivity	41DE00481210002616
roland.ext.sd.dt.multi.timbre.part7.keyRangeLow	41DE00481210002617
roland.ext.sd.dt.multi.timbre.part7.keyRangeHigh	41DE00481210002618
roland.ext.sd.dt.multi.timbre.part7.keyFadeLow	41DE00481210002619
roland.ext.sd.dt.multi.timbre.part7.keyFadeHigh	41DE0048121000261a
roland.ext.sd.dt.multi.timbre.part7.muteSwitch	41DE0048121000261b
roland.ext.sd.dt.multi.timbre.part7.dry	41DE0048121000261c
roland.ext.sd.dt.multi.timbre.part7.chorus	41DE0048121000261d
roland.ext.sd.dt.multi.timbre.part7.reverb	41DE0048121000261e
roland.ext.sd.dt.multi.timbre.part7.outputAssign	41DE0048121000261f
roland.ext.sd.dt.multi.timbre.part7.mfxSlot	41DE00481210002620
roland.ext.sd.dt.multi.timbre.part7.decayTime	41DE00481210002621
roland.ext.sd.dt.multi.timbre.part7.vibratoRate	41DE00481210002622
roland.ext.sd.dt.multi.timbre.part7.vibratoDepth	41DE00481210002623
roland.ext.sd.dt.multi.timbre.part7.vibratoDelay	41DE00481210002624
roland.ext.sd.dt.multi.timbre.part7.modDepth	41DE00481210002625
roland.ext.sd.dt.multi.timbre.part7.patPitch	41DE00481210002626
roland.ext.sd.dt.multi.timbre.part7.patBrightness	41DE00481210002627
roland.ext.sd.dt.multi.timbre.part7.patAmplitude	41DE00481210002628
roland.ext.sd.dt.multi.timbre.part7.patPitchDepth	41DE00481210002629
roland.ext.sd.dt.multi.timbre.part7.patFilterDepth	41DE0048121000262a
roland.ext.sd.dt.multi.timbre.part7.patAmplitudeDepth	41DE0048121000262b
roland.ext.sd.dt.multi.timbre.part7.ccNumber	41DE0048121000262c
roland.ext.sd.dt.multi.timbre.part7.ccPitch	41DE0048121000262d
roland.ext.sd.dt.multi.timbre.part7.ccBrightness	41DE0048121000262e
roland.ext.sd.dt.multi.timbre.part7.ccAmplitude	41DE0048121000262f
roland.ext.sd.dt.multi.timbre.part7.ccPitchDepth	41DE00481210002630
roland.ext.sd.dt.multi.timbre.part7.ccFilterDepth	41DE00481210002631
roland.ext.sd.dt.multi.timbre.part7.ccAmplitudeDepth	41DE00481210002632
roland.ext.sd.dt.multi.timbre.part7.scaleTune0	41DE00481210002633
roland.ext.sd.dt.multi.timbre.part7.scaleTune1	41DE00481210002634
roland.ext.sd.dt.multi.timbre.part7.scaleTune2	41DE00481210002635
roland.ext.sd.dt.multi.timbre.part7.scaleTune3	41DE00481210002636
roland.ext.sd.dt.multi.timbre.part7.scaleTune4	41DE00481210002637
roland.ext.sd.dt.multi.timbre.part7.scaleTune5	41DE00481210002638
roland.ext.sd.dt.multi.timbre.part7.scaleTune6	41DE00481210002639
roland.ext.sd.dt.multi.timbre.part7.scaleTune7	41DE0048121000263a
roland.ext.sd.dt.multi.timbre.part7.scaleTune8	41DE0048121000263b
roland.ext.sd.dt.multi.timbre.part7.scaleTune9	41DE0048121000263c
roland.ext.sd.dt.multi.timbre.part7.scaleTune10	41DE0048121000263d
roland.ext.sd.dt.multi.timbre.part7.scaleTune11	41DE0048121000263e
roland.ext.sd.dt.multi.timbre.part7.sdGm2Set	41DE0048121000263f
roland.ext.sd.dt.multi.timbre.part8	41DE004812100027
roland.ext.sd.dt.multi.timbre.part8.rxCh	41DE00481210002700
roland.ext.sd.dt.multi.timbre.part8.rxSwitch	41DE00481210002701
roland.ext.sd.dt.multi.timbre.part8.unknown02	41DE00481210002702
roland.ext.sd.dt.multi.timbre.part8.rxPort	41DE00481210002703
roland.ext.sd.dt.multi.timbre.part8.bankMsb	41DE00481210002704
roland.ext.sd.dt.multi.timbre.part8.bankLsb	41DE00481210002705
roland.ext.sd.dt.multi.timbre.part8.program	41DE00481210002706
roland.ext.sd.dt.multi.timbre.part8.volume	41DE00481210002707
roland.ext.sd.dt.multi.timbre.part8.panpot	41DE00481210002708
roland.ext.sd.dt.multi.timbre.part8.coarseTune	41DE00481210002709
roland.ext.sd.dt.multi.timbre.part8.fineTune	41DE0048121000270a
roland.ext.sd.dt.multi.timbre.part8.monoPoly	41DE0048121000270b
roland.ext.sd.dt.multi.timbre.part8.legato	41DE0048121000270c
roland.ext.sd.dt.multi.timbre.part8.pitchRange	41DE0048121000270d
roland.ext.sd.dt.multi.timbre.part8.portamentoSw	41DE0048121000270e
roland.ext.sd.dt.multi.timbre.part8.portamento	41DE0048121000270f
roland.ext.sd.dt.multi.timbre.part8.portamentoSecondByte	41DE00481210002710
roland.ext.sd.dt.multi.timbre.part8.brightness	41DE00481210002711
roland.ext.sd.dt.multi.timbre.part8.resonance	41DE00481210002712
roland.ext.sd.dt.multi.timbre.part8.attackTime	41DE00481210002713
roland.ext.sd.dt.multi.timbre.part8.releaseTime	41DE00481210002714
roland.ext.sd.dt.multi.timbre.part8.octaveShift	41DE00481210002715
roland.ext.sd.dt.multi.timbre.part8.veloSensitivity	41DE00481210002716
roland.ext.sd.dt.multi.timbre.part8.keyRangeLow	41DE00481210002717
roland.ext.sd.dt.multi.timbre.part8.keyRangeHigh	41DE00481210002718
roland.ext.sd.dt.multi.timbre.part8.keyFadeLow	41DE00481210002719
roland.ext.sd.dt.multi.timbre.part8.keyFadeHigh	41DE0048121000271a
roland.ext.sd.dt.multi.timbre.part8.muteSwitch	41DE0048121000271b
roland.ext.sd.dt.multi.timbre.part8.dry	41DE0048121000271c
roland.ext.sd.dt.multi.timbre.part8.chorus	41DE0048121000271d
roland.ext.sd.dt.multi.timbre.part8.reverb	41DE0048121000271e
roland.ext.sd.dt.multi.timbre.part8.outputAssign	41DE0048121000271f
roland.ext.sd.dt.multi.timbre.part8.mfxSlot	41DE00481210002720
roland.ext.sd.dt.multi.timbre.part8.decayTime	41DE00481210002721
roland.ext.sd.dt.multi.timbre.part8.vibratoRate	41DE00481210002722
roland.ext.sd.dt.multi.timbre.part8.vibratoDepth	41DE00481210002723
roland.ext.sd.dt.multi.timbre.part8.vibratoDelay	41DE00481210002724
roland.ext.sd.dt.multi.timbre.part8.modDepth	41DE00481210002725
roland.ext.sd.dt.multi.timbre.part8.patPitch	41DE00481210002726
roland.ext.sd.dt.multi.timbre.part8.patBrightness	41DE00481210002727
roland.ext.sd.dt.multi.timbre.part8.patAmplitude	41DE00481210002728
roland.ext.sd.dt.multi.timbre.part8.patPitchDepth	41DE00481210002729
roland.ext.sd.dt.multi.timbre.part8.patFilterDepth	41DE0048121000272a
roland.ext.sd.dt.multi.timbre.part8.patAmplitudeDepth	41DE0048121000272b
roland.ext.sd.dt.multi.timbre.part8.ccNumber	41DE0048121000272c
roland.ext.sd.dt.multi.timbre.part8.ccPitch	41DE0048121000272d
roland.ext.sd.dt.multi.timbre.part8.ccBrightness	41DE0048121000272e
roland.ext.sd.dt.multi.timbre.part8.ccAmplitude	41DE0048121000272f
roland.ext.sd.dt.multi.timbre.part8.ccPitchDepth	41DE00481210002730
roland.ext.sd.dt.multi.timbre.part8.ccFilterDepth	41DE00481210002731
roland.ext.sd.dt.multi.timbre.part8.ccAmplitudeDepth	41DE00481210002732
roland.ext.sd.dt.multi.timbre.part8.scaleTune0	41DE00481210002733
roland.ext.sd.dt.multi.timbre.part8.scaleTune1	41DE00481210002734
roland.ext.sd.dt.multi.timbre.part8.scaleTune2	41DE00481210002735
roland.ext.sd.dt.multi.timbre.part8.scaleTune3	41DE00481210002736
roland.ext.sd.dt.multi.timbre.part8.scaleTune4	41DE00481210002737
roland.ext.sd.dt.multi.timbre.part8.scaleTune5	41DE00481210002738
roland.ext.sd.dt.multi.timbre.part8.scaleTune6	41DE00481210002739
roland.ext.sd.dt.multi.timbre.part8.scaleTune7	41DE0048121000273a
roland.ext.sd.dt.multi.timbre.part8.scaleTune8	41DE0048121000273b
roland.ext.sd.dt.multi.timbre.part8.scaleTune9	41DE0048121000273c
roland.ext.sd.dt.multi.timbre.part8.scaleTune10	41DE0048121000273d
roland.ext.sd.dt.multi.timbre.part8.scaleTune11	41DE0048121000273e
roland.ext.sd.dt.multi.timbre.part8.sdGm2Set	41DE0048121000273f
roland.ext.sd.dt.multi.timbre.part9	41DE004812100028
roland.ext.sd.dt.multi.timbre.part9.rxCh	41DE00481210002800
roland.ext.sd.dt.multi.timbre.part9.rxSwitch	41DE00481210002801
roland.ext.sd.dt.multi.timbre.part9.unknown02	41DE00481210002802
roland.ext.sd.dt.multi.timbre.part9.rxPort	41DE00481210002803
roland.ext.sd.dt.multi.timbre.part9.bankMsb	41DE00481210002804
roland.ext.sd.dt.multi.timbre.part9.bankLsb	41DE00481210002805
roland.ext.sd.dt.multi.timbre.part9.program	41DE00481210002806
roland.ext.sd.dt.multi.timbre.part9.volume	41DE00481210002807
roland.ext.sd.dt.multi.timbre.part9.panpot	41DE00481210002808
roland.ext.sd.dt.multi.timbre.part9.coarseTune	41DE00481210002809
roland.ext.sd.dt.multi.timbre.part9.fineTune	41DE0048121000280a
roland.ext.sd.dt.multi.timbre.part9.monoPoly	41DE0048121000280b
roland.ext.sd.dt.multi.timbre.part9.legato	41DE0048121000280c
roland.ext.sd.dt.multi.timbre.part9.pitchRange	41DE0048121000280d
roland.ext.sd.dt.multi.timbre.part9.portamentoSw	41DE0048121000280e
roland.ext.sd.dt.multi.timbre.part9.portamento	41DE0048121000280f
roland.ext.sd.dt.multi.timbre.part9.portamentoSecondByte	41DE00481210002810
roland.ext.sd.dt.multi.timbre.part9.brightness	41DE00481210002811
roland.ext.sd.dt.multi.timbre.part9.resonance	41DE00481210002812
roland.ext.sd.dt.multi.timbre.part9.attackTime	41DE00481210002813
roland.ext.sd.dt.multi.timbre.part9.releaseTime	41DE00481210002814
roland.ext.sd.dt.multi.timbre.part9.octaveShift	41DE00481210002815
roland.ext.sd.dt.multi.timbre.part9.veloSensitivity	41DE00481210002816
roland.ext.sd.dt.multi.timbre.part9.keyRangeLow	41DE00481210002817
roland.ext.sd.dt.multi.timbre.part9.keyRangeHigh	41DE00481210002818
roland.ext.sd.dt.multi.timbre.part9.keyFadeLow	41DE00481210002819
roland.ext.sd.dt.multi.timbre.part9.keyFadeHigh	41DE0048121000281a
roland.ext.sd.dt.multi.timbre.part9.muteSwitch	41DE0048121000281b
roland.ext.sd.dt.multi.timbre.part9.dry	41DE0048121000281c
roland.ext.sd.dt.multi.timbre.part9.chorus	41DE0048121000281d
roland.ext.sd.dt.multi.timbre.part9.reverb	41DE0048121000281e
roland.ext.sd.dt.multi.timbre.part9.outputAssign	41DE0048121000281f
roland.ext.sd.dt.multi.timbre.part9.mfxSlot	41DE00481210002820
roland.ext.sd.dt.multi.timbre.part9.decayTime	41DE00481210002821
roland.ext.sd.dt.multi.timbre.part9.vibratoRate	41DE00481210002822
roland.ext.sd.dt.multi.timbre.part9.vibratoDepth	41DE00481210002823
roland.ext.sd.dt.multi.timbre.part9.vibratoDelay	41DE00481210002824
roland.ext.sd.dt.multi.timbre.part9.modDepth	41DE00481210002825
roland.ext.sd.dt.multi.timbre.part9.patPitch	41DE00481210002826
roland.ext.sd.dt.multi.timbre.part9.patBrightness	41DE00481210002827
roland.ext.sd.dt.multi.timbre.part9.patAmplitude	41DE00481210002828
roland.ext.sd.dt.multi.timbre.part9.patPitchDepth	41DE00481210002829
roland.ext.sd.dt.multi.timbre.part9.patFilterDepth	41DE0048121000282a
roland.ext.sd.dt.multi.timbre.part9.patAmplitudeDepth	41DE0048121000282b
roland.ext.sd.dt.multi.timbre.part9.ccNumber	41DE0048121000282c
roland.ext.sd.dt.multi.timbre.part9.ccPitch	41DE0048121000282d
roland.ext.sd.dt.multi.timbre.part9.ccBrightness	41DE0048121000282e
roland.ext.sd.dt.multi.timbre.part9.ccAmplitude	41DE0048121000282f
roland.ext.sd.dt.multi.timbre.part9.ccPitchDepth	41DE00481210002830
roland.ext.sd.dt.multi.timbre.part9.ccFilterDepth	41DE00481210002831
roland.ext.sd.dt.multi.timbre.part9.ccAmplitudeDepth	41DE00481210002832
roland.ext.sd.dt.multi.timbre.part9.scaleTune0	41DE00481210002833
roland.ext.sd.dt.multi.timbre.part9.scaleTune1	41DE00481210002834
roland.ext.sd.dt.multi.timbre.part9.scaleTune2	41DE00481210002835
roland.ext.sd.dt.multi.timbre.part9.scaleTune3	41DE00481210002836
roland.ext.sd.dt.multi.timbre.part9.scaleTune4	41DE00481210002837
roland.ext.sd.dt.multi.timbre.part9.scaleTune5	41DE00481210002838
roland.ext.sd.dt.multi.timbre.part9.scaleTune6	41DE00481210002839
roland.ext.sd.dt.multi.timbre.part9.scaleTune7	41DE0048121000283a
roland.ext.sd.dt.multi.timbre.part9.scaleTune8	41DE0048121000283b
roland.ext.sd.dt.multi.timbre.part9.scaleTune9	41DE0048121000283c
roland.ext.sd.dt.multi.timbre.part9.scaleTune10	41DE0048121000283d
roland.ext.sd.dt.multi.timbre.part9.scaleTune11	41DE0048121000283e
roland.ext.sd.dt.multi.timbre.part9.sdGm2Set	41DE0048121000283f
roland.ext.sd.dt.multi.timbre.part10	41DE004812100029
roland.ext.sd.dt.multi.timbre.part10.rxCh	41DE00481210002900
roland.ext.sd.dt.multi.timbre.part10.rxSwitch	41DE00481210002901
roland.ext.sd.dt.multi.timbre.part10.unknown02	41DE00481210002902
roland.ext.sd.dt.multi.timbre.part10.rxPort	41DE00481210002903
roland.ext.sd.dt.multi.timbre.part10.bankMsb	41DE00481210002904
roland.ext.sd.dt.multi.timbre.part10.bankLsb	41DE00481210002905
roland.ext.sd.dt.multi.timbre.part10.program	41DE00481210002906
roland.ext.sd.dt.multi.timbre.part10.volume	41DE00481210002907
roland.ext.sd.dt.multi.timbre.part10.panpot	41DE00481210002908
roland.ext.sd.dt.multi.timbre.part10.coarseTune	41DE00481210002909
roland.ext.sd.dt.multi.timbre.part10.fineTune	41DE0048121000290a
roland.ext.sd.dt.multi.timbre.part10.monoPoly	41DE0048121000290b
roland.ext.sd.dt.multi.timbre.part10.legato	41DE0048121000290c
roland.ext.sd.dt.multi.timbre.part10.pitchRange	41DE0048121000290d
roland.ext.sd.dt.multi.timbre.part10.portamentoSw	41DE0048121000290e
roland.ext.sd.dt.multi.timbre.part10.portamento	41DE0048121000290f
roland.ext.sd.dt.multi.timbre.part10.portamentoSecondByte	41DE00481210002910
roland.ext.sd.dt.multi.timbre.part10.brightness	41DE00481210002911
roland.ext.sd.dt.multi.timbre.part10.resonance	41DE00481210002912
roland.ext.sd.dt.multi.timbre.part10.attackTime	41DE00481210002913
roland.ext.sd.dt.multi.timbre.part10.releaseTime	41DE00481210002914
roland.ext.sd.dt.multi.timbre.part10.octaveShift	41DE00481210002915
roland.ext.sd.dt.multi.timbre.part10.veloSensitivity	41DE00481210002916
roland.ext.sd.dt.multi.timbre.part10.keyRangeLow	41DE00481210002917
roland.ext.sd.dt.multi.timbre.part10.keyRangeHigh	41DE00481210002918
roland.ext.sd.dt.multi.timbre.part10.keyFadeLow	41DE00481210002919
roland.ext.sd.dt.multi.timbre.part10.keyFadeHigh	41DE0048121000291a
roland.ext.sd.dt.multi.timbre.part10.muteSwitch	41DE0048121000291b
roland.ext.sd.dt.multi.timbre.part10.dry	41DE0048121000291c
roland.ext.sd.dt.multi.timbre.part10.chorus	41DE0048121000291d
roland.ext.sd.dt.multi.timbre.part10.reverb	41DE0048121000291e
roland.ext.sd.dt.multi.timbre.part10.outputAssign	41DE0048121000291f
roland.ext.sd.dt.multi.timbre.part10.mfxSlot	41DE00481210002920
roland.ext.sd.dt.multi.timbre.part10.decayTime	41DE00481210002921
roland.ext.sd.dt.multi.timbre.part10.vibratoRate	41DE00481210002922
roland.ext.sd.dt.multi.timbre.part10.vibratoDepth	41DE00481210002923
roland.ext.sd.dt.multi.timbre.part10.vibratoDelay	41DE00481210002924
roland.ext.sd.dt.multi.timbre.part10.modDepth	41DE00481210002925
roland.ext.sd.dt.multi.timbre.part10.patPitch	41DE00481210002926
roland.ext.sd.dt.multi.timbre.part10.patBrightness	41DE00481210002927
roland.ext.sd.dt.multi.timbre.part10.patAmplitude	41DE00481210002928
roland.ext.sd.dt.multi.timbre.part10.patPitchDepth	41DE00481210002929
roland.ext.sd.dt.multi.timbre.part10.patFilterDepth	41DE0048121000292a
roland.ext.sd.dt.multi.timbre.part10.patAmplitudeDepth	41DE0048121000292b
roland.ext.sd.dt.multi.timbre.part10.ccNumber	41DE0048121000292c
roland.ext.sd.dt.multi.timbre.part10.ccPitch	41DE0048121000292d
roland.ext.sd.dt.multi.timbre.part10.ccBrightness	41DE0048121000292e
roland.ext.sd.dt.multi.timbre.part10.ccAmplitude	41DE0048121000292f
roland.ext.sd.dt.multi.timbre.part10.ccPitchDepth	41DE00481210002930
roland.ext.sd.dt.multi.timbre.part10.ccFilterDepth	41DE00481210002931
roland.ext.sd.dt.multi.timbre.part10.ccAmplitudeDepth	41DE00481210002932
roland.ext.sd.dt.multi.timbre.part10.scaleTune0	41DE00481210002933
roland.ext.sd.dt.multi.timbre.part10.scaleTune1	41DE00481210002934
roland.ext.sd.dt.multi.timbre.part10.scaleTune2	41DE00481210002935
roland.ext.sd.dt.multi.timbre.part10.scaleTune3	41DE00481210002936
roland.ext.sd.dt.multi.timbre.part10.scaleTune4	41DE00481210002937
roland.ext.sd.dt.multi.timbre.part10.scaleTune5	41DE00481210002938
roland.ext.sd.dt.multi.timbre.part10.scaleTune6	41DE00481210002939
roland.ext.sd.dt.multi.timbre.part10.scaleTune7	41DE0048121000293a
roland.ext.sd.dt.multi.timbre.part10.scaleTune8	41DE0048121000293b
roland.ext.sd.dt.multi.timbre.part10.scaleTune9	41DE0048121000293c
roland.ext.sd.dt.multi.timbre.part10.scaleTune10	41DE0048121000293d
roland.ext.sd.dt.multi.timbre.part10.scaleTune11	41DE0048121000293e
roland.ext.sd.dt.multi.timbre.part10.sdGm2Set	41DE0048121000293f
roland.ext.sd.dt.multi.timbre.part11	41DE00481210002a
roland.ext.sd.dt.multi.timbre.part11.rxCh	41DE00481210002a00
roland.ext.sd.dt.multi.timbre.part11.rxSwitch	41DE00481210002a01
roland.ext.sd.dt.multi.timbre.part11.unknown02	41DE00481210002a02
roland.ext.sd.dt.multi.timbre.part11.rxPort	41DE00481210002a03
roland.ext.sd.dt.multi.timbre.part11.bankMsb	41DE00481210002a04
roland.ext.sd.dt.multi.timbre.part11.bankLsb	41DE00481210002a05
roland.ext.sd.dt.multi.timbre.part11.program	41DE00481210002a06
roland.ext.sd.dt.multi.timbre.part11.volume	41DE00481210002a07
roland.ext.sd.dt.multi.timbre.part11.panpot	41DE00481210002a08
roland.ext.sd.dt.multi.timbre.part11.coarseTune	41DE00481210002a09
roland.ext.sd.dt.multi.timbre.part11.fineTune	41DE00481210002a0a
roland.ext.sd.dt.multi.timbre.part11.monoPoly	41DE00481210002a0b
roland.ext.sd.dt.multi.timbre.part11.legato	41DE00481210002a0c
roland.ext.sd.dt.multi.timbre.part11.pitchRange	41DE00481210002a0d
roland.ext.sd.dt.multi.timbre.part11.portamentoSw	41DE00481210002a0e
roland.ext.sd.dt.multi.timbre.part11.portamento	41DE00481210002a0f
roland.ext.sd.dt.multi.timbre.part11.portamentoSecondByte	41DE00481210002a10
roland.ext.sd.dt.multi.timbre.part11.brightness	41DE00481210002a11
roland.ext.sd.dt.multi.timbre.part11.resonance	41DE00481210002a12
roland.ext.sd.dt.multi.timbre.part11.attackTime	41DE00481210002a13
roland.ext.sd.dt.multi.timbre.part11.releaseTime	41DE00481210002a14
roland.ext.sd.dt.multi.timbre.part11.octaveShift	41DE00481210002a15
roland.ext.sd.dt.multi.timbre.part11.veloSensitivity	41DE00481210002a16
roland.ext.sd.dt.multi.timbre.part11.keyRangeLow	41DE00481210002a17
roland.ext.sd.dt.multi.timbre.part11.keyRangeHigh	41DE00481210002a18
roland.ext.sd.dt.multi.timbre.part11.keyFadeLow	41DE00481210002a19
roland.ext.sd.dt.multi.timbre.part11.keyFadeHigh	41DE00481210002a1a
roland.ext.sd.dt.multi.timbre.part11.muteSwitch	41DE00481210002a1b
roland.ext.sd.dt.multi.timbre.part11.dry	41DE00481210002a1c
roland.ext.sd.dt.multi.timbre.part11.chorus	41DE00481210002a1d
roland.ext.sd.dt.multi.timbre.part11.reverb	41DE00481210002a1e
roland.ext.sd.dt.multi.timbre.part11.outputAssign	41DE00481210002a1f
roland.ext.sd.dt.multi.timbre.part11.mfxSlot	41DE00481210002a20
roland.ext.sd.dt.multi.timbre.part11.decayTime	41DE00481210002a21
roland.ext.sd.dt.multi.timbre.part11.vibratoRate	41DE00481210002a22
roland.ext.sd.dt.multi.timbre.part11.vibratoDepth	41DE00481210002a23
roland.ext.sd.dt.multi.timbre.part11.vibratoDelay	41DE00481210002a24
roland.ext.sd.dt.multi.timbre.part11.modDepth	41DE00481210002a25
roland.ext.sd.dt.multi.timbre.part11.patPitch	41DE00481210002a26
roland.ext.sd.dt.multi.timbre.part11.patBrightness	41DE00481210002a27
roland.ext.sd.dt.multi.timbre.part11.patAmplitude	41DE00481210002a28
roland.ext.sd.dt.multi.timbre.part11.patPitchDepth	41DE00481210002a29
roland.ext.sd.dt.multi.timbre.part11.patFilterDepth	41DE00481210002a2a
roland.ext.sd.dt.multi.timbre.part11.patAmplitudeDepth	41DE00481210002a2b
roland.ext.sd.dt.multi.timbre.part11.ccNumber	41DE00481210002a2c
roland.ext.sd.dt.multi.timbre.part11.ccPitch	41DE00481210002a2d
roland.ext.sd.dt.multi.timbre.part11.ccBrightness	41DE00481210002a2e
roland.ext.sd.dt.multi.timbre.part11.ccAmplitude	41DE00481210002a2f
roland.ext.sd.dt.multi.timbre.part11.ccPitchDepth	41DE00481210002a30
roland.ext.sd.dt.multi.timbre.part11.ccFilterDepth	41DE00481210002a31
roland.ext.sd.dt.multi.timbre.part11.ccAmplitudeDepth	41DE00481210002a32
roland.ext.sd.dt.multi.timbre.part11.scaleTune0	41DE00481210002a33
roland.ext.sd.dt.multi.timbre.part11.scaleTune1	41DE00481210002a34
roland.ext.sd.dt.multi.timbre.part11.scaleTune2	41DE00481210002a35
roland.ext.sd.dt.multi.timbre.part11.scaleTune3	41DE00481210002a36
roland.ext.sd.dt.multi.timbre.part11.scaleTune4	41DE00481210002a37
roland.ext.sd.dt.multi.timbre.part11.scaleTune5	41DE00481210002a38
roland.ext.sd.dt.multi.timbre.part11.scaleTune6	41DE00481210002a39
roland.ext.sd.dt.multi.timbre.part11.scaleTune7	41DE00481210002a3a
roland.ext.sd.dt.multi.timbre.part11.scaleTune8	41DE00481210002a3b
roland.ext.sd.dt.multi.timbre.part11.scaleTune9	41DE00481210002a3c
roland.ext.sd.dt.multi.timbre.part11.scaleTune10	41DE00481210002a3d
roland.ext.sd.dt.multi.timbre.part11.scaleTune11	41DE00481210002a3e
roland.ext.sd.dt.multi.timbre.part11.sdGm2Set	41DE00481210002a3f
roland.ext.sd.dt.multi.timbre.part12	41DE00481210002b
roland.ext.sd.dt.multi.timbre.part12.rxCh	41DE00481210002b00
roland.ext.sd.dt.multi.timbre.part12.rxSwitch	41DE00481210002b01
roland.ext.sd.dt.multi.timbre.part12.unknown02	41DE00481210002b02
roland.ext.sd.dt.multi.timbre.part12.rxPort	41DE00481210002b03
roland.ext.sd.dt.multi.timbre.part12.bankMsb	41DE00481210002b04
roland.ext.sd.dt.multi.timbre.part12.bankLsb	41DE00481210002b05
roland.ext.sd.dt.multi.timbre.part12.program	41DE00481210002b06
roland.ext.sd.dt.multi.timbre.part12.volume	41DE00481210002b07
roland.ext.sd.dt.multi.timbre.part12.panpot	41DE00481210002b08
roland.ext.sd.dt.multi.timbre.part12.coarseTune	41DE00481210002b09
roland.ext.sd.dt.multi.timbre.part12.fineTune	41DE00481210002b0a
roland.ext.sd.dt.multi.timbre.part12.monoPoly	41DE00481210002b0b
roland.ext.sd.dt.multi.timbre.part12.legato	41DE00481210002b0c
roland.ext.sd.dt.multi.timbre.part12.pitchRange	41DE00481210002b0d
roland.ext.sd.dt.multi.timbre.part12.portamentoSw	41DE00481210002b0e
roland.ext.sd.dt.multi.timbre.part12.portamento	41DE00481210002b0f
roland.ext.sd.dt.multi.timbre.part12.portamentoSecondByte	41DE00481210002b10
roland.ext.sd.dt.multi.timbre.part12.brightness	41DE00481210002b11
roland.ext.sd.dt.multi.timbre.part12.resonance	41DE00481210002b12
roland.ext.sd.dt.multi.timbre.part12.attackTime	41DE00481210002b13
roland.ext.sd.dt.multi.timbre.part12.releaseTime	41DE00481210002b14
roland.ext.sd.dt.multi.timbre.part12.octaveShift	41DE00481210002b15
roland.ext.sd.dt.multi.timbre.part12.veloSensitivity	41DE00481210002b16
roland.ext.sd.dt.multi.timbre.part12.keyRangeLow	41DE00481210002b17
roland.ext.sd.dt.multi.timbre.part12.keyRangeHigh	41DE00481210002b18
roland.ext.sd.dt.multi.timbre.part12.keyFadeLow	41DE00481210002b19
roland.ext.sd.dt.multi.timbre.part12.keyFadeHigh	41DE00481210002b1a
roland.ext.sd.dt.multi.timbre.part12.muteSwitch	41DE00481210002b1b
roland.ext.sd.dt.multi.timbre.part12.dry	41DE00481210002b1c
roland.ext.sd.dt.multi.timbre.part12.chorus	41DE00481210002b1d
roland.ext.sd.dt.multi.timbre.part12.reverb	41DE00481210002b1e
roland.ext.sd.dt.multi.timbre.part12.outputAssign	41DE00481210002b1f
roland.ext.sd.dt.multi.timbre.part12.mfxSlot	41DE00481210002b20
roland.ext.sd.dt.multi.timbre.part12.decayTime	41DE00481210002b21
roland.ext.sd.dt.multi.timbre.part12.vibratoRate	41DE00481210002b22
roland.ext.sd.dt.multi.timbre.part12.vibratoDepth	41DE00481210002b23
roland.ext.sd.dt.multi.timbre.part12.vibratoDelay	41DE00481210002b24
roland.ext.sd.dt.multi.timbre.part12.modDepth	41DE00481210002b25
roland.ext.sd.dt.multi.timbre.part12.patPitch	41DE00481210002b26
roland.ext.sd.dt.multi.timbre.part12.patBrightness	41DE00481210002b27
roland.ext.sd.dt.multi.timbre.part12.patAmplitude	41DE00481210002b28
roland.ext.sd.dt.multi.timbre.part12.patPitchDepth	41DE00481210002b29
roland.ext.sd.dt.multi.timbre.part12.patFilterDepth	41DE00481210002b2a
roland.ext.sd.dt.multi.timbre.part12.patAmplitudeDepth	41DE00481210002b2b
roland.ext.sd.dt.multi.timbre.part12.ccNumber	41DE00481210002b2c
roland.ext.sd.dt.multi.timbre.part12.ccPitch	41DE00481210002b2d
roland.ext.sd.dt.multi.timbre.part12.ccBrightness	41DE00481210002b2e
roland.ext.sd.dt.multi.timbre.part12.ccAmplitude	41DE00481210002b2f
roland.ext.sd.dt.multi.timbre.part12.ccPitchDepth	41DE00481210002b30
roland.ext.sd.dt.multi.timbre.part12.ccFilterDepth	41DE00481210002b31
roland.ext.sd.dt.multi.timbre.part12.ccAmplitudeDepth	41DE00481210002b32
roland.ext.sd.dt.multi.timbre.part12.scaleTune0	41DE00481210002b33
roland.ext.sd.dt.multi.timbre.part12.scaleTune1	41DE00481210002b34
roland.ext.sd.dt.multi.timbre.part12.scaleTune2	41DE00481210002b35
roland.ext.sd.dt.multi.timbre.part12.scaleTune3	41DE00481210002b36
roland.ext.sd.dt.multi.timbre.part12.scaleTune4	41DE00481210002b37
roland.ext.sd.dt.multi.timbre.part12.scaleTune5	41DE00481210002b38
roland.ext.sd.dt.multi.timbre.part12.scaleTune6	41DE00481210002b39
roland.ext.sd.dt.multi.timbre.part12.scaleTune7	41DE00481210002b3a
roland.ext.sd.dt.multi.timbre.part12.scaleTune8	41DE00481210002b3b
roland.ext.sd.dt.multi.timbre.part12.scaleTune9	41DE00481210002b3c
roland.ext.sd.dt.multi.timbre.part12.scaleTune10	41DE00481210002b3d
roland.ext.sd.dt.multi.timbre.part12.scaleTune11	41DE00481210002b3e
roland.ext.sd.dt.multi.timbre.part12.sdGm2Set	41DE00481210002b3f
roland.ext.sd.dt.multi.timbre.part13	41DE00481210002c
roland.ext.sd.dt.multi.timbre.part13.rxCh	41DE00481210002c00
roland.ext.sd.dt.multi.timbre.part13.rxSwitch	41DE00481210002c01
roland.ext.sd.dt.multi.timbre.part13.unknown02	41DE00481210002c02
roland.ext.sd.dt.multi.timbre.part13.rxPort	41DE00481210002c03
roland.ext.sd.dt.multi.timbre.part13.bankMsb	41DE00481210002c04
roland.ext.sd.dt.multi.timbre.part13.bankLsb	41DE00481210002c05
roland.ext.sd.dt.multi.timbre.part13.program	41DE00481210002c06
roland.ext.sd.dt.multi.timbre.part13.volume	41DE00481210002c07
roland.ext.sd.dt.multi.timbre.part13.panpot	41DE00481210002c08
roland.ext.sd.dt.multi.timbre.part13.coarseTune	41DE00481210002c09
roland.ext.sd.dt.multi.timbre.part13.fineTune	41DE00481210002c0a
roland.ext.sd.dt.multi.timbre.part13.monoPoly	41DE00481210002c0b
roland.ext.sd.dt.multi.timbre.part13.legato	41DE00481210002c0c
roland.ext.sd.dt.multi.timbre.part13.pitchRange	41DE00481210002c0d
roland.ext.sd.dt.multi.timbre.part13.portamentoSw	41DE00481210002c0e
roland.ext.sd.dt.multi.timbre.part13.portamento	41DE00481210002c0f
roland.ext.sd.dt.multi.timbre.part13.portamentoSecondByte	41DE00481210002c10
roland.ext.sd.dt.multi.timbre.part13.brightness	41DE00481210002c11
roland.ext.sd.dt.multi.timbre.part13.resonance	41DE00481210002c12
roland.ext.sd.dt.multi.timbre.part13.attackTime	41DE00481210002c13
roland.ext.sd.dt.multi.timbre.part13.releaseTime	41DE00481210002c14
roland.ext.sd.dt.multi.timbre.part13.octaveShift	41DE00481210002c15
roland.ext.sd.dt.multi.timbre.part13.veloSensitivity	41DE00481210002c16
roland.ext.sd.dt.multi.timbre.part13.keyRangeLow	41DE00481210002c17
roland.ext.sd.dt.multi.timbre.part13.keyRangeHigh	41DE00481210002c18
roland.ext.sd.dt.multi.timbre.part13.keyFadeLow	41DE00481210002c19
roland.ext.sd.dt.multi.timbre.part13.keyFadeHigh	41DE00481210002c1a
roland.ext.sd.dt.multi.timbre.part13.muteSwitch	41DE00481210002c1b
roland.ext.sd.dt.multi.timbre.part13.dry	41DE00481210002c1c
roland.ext.sd.dt.multi.timbre.part13.chorus	41DE00481210002c1d
roland.ext.sd.dt.multi.timbre.part13.reverb	41DE00481210002c1e
roland.ext.sd.dt.multi.timbre.part13.outputAssign	41DE00481210002c1f
roland.ext.sd.dt.multi.timbre.part13.mfxSlot	41DE00481210002c20
roland.ext.sd.dt.multi.timbre.part13.decayTime	41DE00481210002c21
roland.ext.sd.dt.multi.timbre.part13.vibratoRate	41DE00481210002c22
roland.ext.sd.dt.multi.timbre.part13.vibratoDepth	41DE00481210002c23
roland.ext.sd.dt.multi.timbre.part13.vibratoDelay	41DE00481210002c24
roland.ext.sd.dt.multi.timbre.part13.modDepth	41DE00481210002c25
roland.ext.sd.dt.multi.timbre.part13.patPitch	41DE00481210002c26
roland.ext.sd.dt.multi.timbre.part13.patBrightness	41DE00481210002c27
roland.ext.sd.dt.multi.timbre.part13.patAmplitude	41DE00481210002c28
roland.ext.sd.dt.multi.timbre.part13.patPitchDepth	41DE00481210002c29
roland.ext.sd.dt.multi.timbre.part13.patFilterDepth	41DE00481210002c2a
roland.ext.sd.dt.multi.timbre.part13.patAmplitudeDepth	41DE00481210002c2b
roland.ext.sd.dt.multi.timbre.part13.ccNumber	41DE00481210002c2c
roland.ext.sd.dt.multi.timbre.part13.ccPitch	41DE00481210002c2d
roland.ext.sd.dt.multi.timbre.part13.ccBrightness	41DE00481210002c2e
roland.ext.sd.dt.multi.timbre.part13.ccAmplitude	41DE00481210002c2f
roland.ext.sd.dt.multi.timbre.part13.ccPitchDepth	41DE00481210002c30
roland.ext.sd.dt.multi.timbre.part13.ccFilterDepth	41DE00481210002c31
roland.ext.sd.dt.multi.timbre.part13.ccAmplitudeDepth	41DE00481210002c32
roland.ext.sd.dt.multi.timbre.part13.scaleTune0	41DE00481210002c33
roland.ext.sd.dt.multi.timbre.part13.scaleTune1	41DE00481210002c34
roland.ext.sd.dt.multi.timbre.part13.scaleTune2	41DE00481210002c35
roland.ext.sd.dt.multi.timbre.part13.scaleTune3	41DE00481210002c36
roland.ext.sd.dt.multi.timbre.part13.scaleTune4	41DE00481210002c37
roland.ext.sd.dt.multi.timbre.part13.scaleTune5	41DE00481210002c38
roland.ext.sd.dt.multi.timbre.part13.scaleTune6	41DE00481210002c39
roland.ext.sd.dt.multi.timbre.part13.scaleTune7	41DE00481210002c3a
roland.ext.sd.dt.multi.timbre.part13.scaleTune8	41DE00481210002c3b
roland.ext.sd.dt.multi.timbre.part13.scaleTune9	41DE00481210002c3c
roland.ext.sd.dt.multi.timbre.part13.scaleTune10	41DE00481210002c3d
roland.ext.sd.dt.multi.timbre.part13.scaleTune11	41DE00481210002c3e
roland.ext.sd.dt.multi.timbre.part13.sdGm2Set	41DE00481210002c3f
roland.ext.sd.dt.multi.timbre.part14	41DE00481210002d
roland.ext.sd.dt.multi.timbre.part14.rxCh	41DE00481210002d00
roland.ext.sd.dt.multi.timbre.part14.rxSwitch	41DE00481210002d01
roland.ext.sd.dt.multi.timbre.part14.unknown02	41DE00481210002d02
roland.ext.sd.dt.multi.timbre.part14.rxPort	41DE00481210002d03
roland.ext.sd.dt.multi.timbre.part14.bankMsb	41DE00481210002d04
roland.ext.sd.dt.multi.timbre.part14.bankLsb	41DE00481210002d05
roland.ext.sd.dt.multi.timbre.part14.program	41DE00481210002d06
roland.ext.sd.dt.multi.timbre.part14.volume	41DE00481210002d07
roland.ext.sd.dt.multi.timbre.part14.panpot	41DE00481210002d08
roland.ext.sd.dt.multi.timbre.part14.coarseTune	41DE00481210002d09
roland.ext.sd.dt.multi.timbre.part14.fineTune	41DE00481210002d0a
roland.ext.sd.dt.multi.timbre.part14.monoPoly	41DE00481210002d0b
roland.ext.sd.dt.multi.timbre.part14.legato	41DE00481210002d0c
roland.ext.sd.dt.multi.timbre.part14.pitchRange	41DE00481210002d0d
roland.ext.sd.dt.multi.timbre.part14.portamentoSw	41DE00481210002d0e
roland.ext.sd.dt.multi.timbre.part14.portamento	41DE00481210002d0f
roland.ext.sd.dt.multi.timbre.part14.portamentoSecondByte	41DE00481210002d10
roland.ext.sd.dt.multi.timbre.part14.brightness	41DE00481210002d11
roland.ext.sd.dt.multi.timbre.part14.resonance	41DE00481210002d12
roland.ext.sd.dt.multi.timbre.part14.attackTime	41DE00481210002d13
roland.ext.sd.dt.multi.timbre.part14.releaseTime	41DE00481210002d14
roland.ext.sd.dt.multi.timbre.part14.octaveShift	41DE00481210002d15
roland.ext.sd.dt.multi.timbre.part14.veloSensitivity	41DE00481210002d16
roland.ext.sd.dt.multi.timbre.part14.keyRangeLow	41DE00481210002d17
roland.ext.sd.dt.multi.timbre.part14.keyRangeHigh	41DE00481210002d18
roland.ext.sd.dt.multi.timbre.part14.keyFadeLow	41DE00481210002d19
roland.ext.sd.dt.multi.timbre.part14.keyFadeHigh	41DE00481210002d1a
roland.ext.sd.dt.multi.timbre.part14.muteSwitch	41DE00481210002d1b
roland.ext.sd.dt.multi.timbre.part14.dry	41DE00481210002d1c
roland.ext.sd.dt.multi.timbre.part14.chorus	41DE00481210002d1d
roland.ext.sd.dt.multi.timbre.part14.reverb	41DE00481210002d1e
roland.ext.sd.dt.multi.timbre.part14.outputAssign	41DE00481210002d1f
roland.ext.sd.dt.multi.timbre.part14.mfxSlot	41DE00481210002d20
roland.ext.sd.dt.multi.timbre.part14.decayTime	41DE00481210002d21
roland.ext.sd.dt.multi.timbre.part14.vibratoRate	41DE00481210002d22
roland.ext.sd.dt.multi.timbre.part14.vibratoDepth	41DE00481210002d23
roland.ext.sd.dt.multi.timbre.part14.vibratoDelay	41DE00481210002d24
roland.ext.sd.dt.multi.timbre.part14.modDepth	41DE00481210002d25
roland.ext.sd.dt.multi.timbre.part14.patPitch	41DE00481210002d26
roland.ext.sd.dt.multi.timbre.part14.patBrightness	41DE00481210002d27
roland.ext.sd.dt.multi.timbre.part14.patAmplitude	41DE00481210002d28
roland.ext.sd.dt.multi.timbre.part14.patPitchDepth	41DE00481210002d29
roland.ext.sd.dt.multi.timbre.part14.patFilterDepth	41DE00481210002d2a
roland.ext.sd.dt.multi.timbre.part14.patAmplitudeDepth	41DE00481210002d2b
roland.ext.sd.dt.multi.timbre.part14.ccNumber	41DE00481210002d2c
roland.ext.sd.dt.multi.timbre.part14.ccPitch	41DE00481210002d2d
roland.ext.sd.dt.multi.timbre.part14.ccBrightness	41DE00481210002d2e
roland.ext.sd.dt.multi.timbre.part14.ccAmplitude	41DE00481210002d2f
roland.ext.sd.dt.multi.timbre.part14.ccPitchDepth	41DE00481210002d30
roland.ext.sd.dt.multi.timbre.part14.ccFilterDepth	41DE00481210002d31
roland.ext.sd.dt.multi.timbre.part14.ccAmplitudeDepth	41DE00481210002d32
roland.ext.sd.dt.multi.timbre.part14.scaleTune0	41DE00481210002d33
roland.ext.sd.dt.multi.timbre.part14.scaleTune1	41DE00481210002d34
roland.ext.sd.dt.multi.timbre.part14.scaleTune2	41DE00481210002d35
roland.ext.sd.dt.multi.timbre.part14.scaleTune3	41DE00481210002d36
roland.ext.sd.dt.multi.timbre.part14.scaleTune4	41DE00481210002d37
roland.ext.sd.dt.multi.timbre.part14.scaleTune5	41DE00481210002d38
roland.ext.sd.dt.multi.timbre.part14.scaleTune6	41DE00481210002d39
roland.ext.sd.dt.multi.timbre.part14.scaleTune7	41DE00481210002d3a
roland.ext.sd.dt.multi.timbre.part14.scaleTune8	41DE00481210002d3b
roland.ext.sd.dt.multi.timbre.part14.scaleTune9	41DE00481210002d3c
roland.ext.sd.dt.multi.timbre.part14.scaleTune10	41DE00481210002d3d
roland.ext.sd.dt.multi.timbre.part14.scaleTune11	41DE00481210002d3e
roland.ext.sd.dt.multi.timbre.part14.sdGm2Set	41DE00481210002d3f
roland.ext.sd.dt.multi.timbre.part15	41DE00481210002e
roland.ext.sd.dt.multi.timbre.part15.rxCh	41DE00481210002e00
roland.ext.sd.dt.multi.timbre.part15.rxSwitch	41DE00481210002e01
roland.ext.sd.dt.multi.timbre.part15.unknown02	41DE00481210002e02
roland.ext.sd.dt.multi.timbre.part15.rxPort	41DE00481210002e03
roland.ext.sd.dt.multi.timbre.part15.bankMsb	41DE00481210002e04
roland.ext.sd.dt.multi.timbre.part15.bankLsb	41DE00481210002e05
roland.ext.sd.dt.multi.timbre.part15.program	41DE00481210002e06
roland.ext.sd.dt.multi.timbre.part15.volume	41DE00481210002e07
roland.ext.sd.dt.multi.timbre.part15.panpot	41DE00481210002e08
roland.ext.sd.dt.multi.timbre.part15.coarseTune	41DE00481210002e09
roland.ext.sd.dt.multi.timbre.part15.fineTune	41DE00481210002e0a
roland.ext.sd.dt.multi.timbre.part15.monoPoly	41DE00481210002e0b
roland.ext.sd.dt.multi.timbre.part15.legato	41DE00481210002e0c
roland.ext.sd.dt.multi.timbre.part15.pitchRange	41DE00481210002e0d
roland.ext.sd.dt.multi.timbre.part15.portamentoSw	41DE00481210002e0e
roland.ext.sd.dt.multi.timbre.part15.portamento	41DE00481210002e0f
roland.ext.sd.dt.multi.timbre.part15.portamentoSecondByte	41DE00481210002e10
roland.ext.sd.dt.multi.timbre.part15.brightness	41DE00481210002e11
roland.ext.sd.dt.multi.timbre.part15.resonance	41DE00481210002e12
roland.ext.sd.dt.multi.timbre.part15.attackTime	41DE00481210002e13
roland.ext.sd.dt.multi.timbre.part15.releaseTime	41DE00481210002e14
roland.ext.sd.dt.multi.timbre.part15.octaveShift	41DE00481210002e15
roland.ext.sd.dt.multi.timbre.part15.veloSensitivity	41DE00481210002e16
roland.ext.sd.dt.multi.timbre.part15.keyRangeLow	41DE00481210002e17
roland.ext.sd.dt.multi.timbre.part15.keyRangeHigh	41DE00481210002e18
roland.ext.sd.dt.multi.timbre.part15.keyFadeLow	41DE00481210002e19
roland.ext.sd.dt.multi.timbre.part15.keyFadeHigh	41DE00481210002e1a
roland.ext.sd.dt.multi.timbre.part15.muteSwitch	41DE00481210002e1b
roland.ext.sd.dt.multi.timbre.part15.dry	41DE00481210002e1c
roland.ext.sd.dt.multi.timbre.part15.chorus	41DE00481210002e1d
roland.ext.sd.dt.multi.timbre.part15.reverb	41DE00481210002e1e
roland.ext.sd.dt.multi.timbre.part15.outputAssign	41DE00481210002e1f
roland.ext.sd.dt.multi.timbre.part15.mfxSlot	41DE00481210002e20
roland.ext.sd.dt.multi.timbre.part15.decayTime	41DE00481210002e21
roland.ext.sd.dt.multi.timbre.part15.vibratoRate	41DE00481210002e22
roland.ext.sd.dt.multi.timbre.part15.vibratoDepth	41DE00481210002e23
roland.ext.sd.dt.multi.timbre.part15.vibratoDelay	41DE00481210002e24
roland.ext.sd.dt.multi.timbre.part15.modDepth	41DE00481210002e25
roland.ext.sd.dt.multi.timbre.part15.patPitch	41DE00481210002e26
roland.ext.sd.dt.multi.timbre.part15.patBrightness	41DE00481210002e27
roland.ext.sd.dt.multi.timbre.part15.patAmplitude	41DE00481210002e28
roland.ext.sd.dt.multi.timbre.part15.patPitchDepth	41DE00481210002e29
roland.ext.sd.dt.multi.timbre.part15.patFilterDepth	41DE00481210002e2a
roland.ext.sd.dt.multi.timbre.part15.patAmplitudeDepth	41DE00481210002e2b
roland.ext.sd.dt.multi.timbre.part15.ccNumber	41DE00481210002e2c
roland.ext.sd.dt.multi.timbre.part15.ccPitch	41DE00481210002e2d
roland.ext.sd.dt.multi.timbre.part15.ccBrightness	41DE00481210002e2e
roland.ext.sd.dt.multi.timbre.part15.ccAmplitude	41DE00481210002e2f
roland.ext.sd.dt.multi.timbre.part15.ccPitchDepth	41DE00481210002e30
roland.ext.sd.dt.multi.timbre.part15.ccFilterDepth	41DE00481210002e31
roland.ext.sd.dt.multi.timbre.part15.ccAmplitudeDepth	41DE00481210002e32
roland.ext.sd.dt.multi.timbre.part15.scaleTune0	41DE00481210002e33
roland.ext.sd.dt.multi.timbre.part15.scaleTune1	41DE00481210002e34
roland.ext.sd.dt.multi.timbre.part15.scaleTune2	41DE00481210002e35
roland.ext.sd.dt.multi.timbre.part15.scaleTune3	41DE00481210002e36
roland.ext.sd.dt.multi.timbre.part15.scaleTune4	41DE00481210002e37
roland.ext.sd.dt.multi.timbre.part15.scaleTune5	41DE00481210002e38
roland.ext.sd.dt.multi.timbre.part15.scaleTune6	41DE00481210002e39
roland.ext.sd.dt.multi.timbre.part15.scaleTune7	41DE00481210002e3a
roland.ext.sd.dt.multi.timbre.part15.scaleTune8	41DE00481210002e3b
roland.ext.sd.dt.multi.timbre.part15.scaleTune9	41DE00481210002e3c
roland.ext.sd.dt.multi.timbre.part15.scaleTune10	41DE00481210002e3d
roland.ext.sd.dt.multi.timbre.part15.scaleTune11	41DE00481210002e3e
roland.ext.sd.dt.multi.timbre.part15.sdGm2Set	41DE00481210002e3f
roland.ext.sd.dt.multi.timbre.part16	41DE00481210002f
roland.ext.sd.dt.multi.timbre.part16.rxCh	41DE00481210002f00
roland.ext.sd.dt.multi.timbre.part16.rxSwitch	41DE00481210002f01
roland.ext.sd.dt.multi.timbre.part16.unknown02	41DE00481210002f02
roland.ext.sd.dt.multi.timbre.part16.rxPort	41DE00481210002f03
roland.ext.sd.dt.multi.timbre.part16.bankMsb	41DE00481210002f04
roland.ext.sd.dt.multi.timbre.part16.bankLsb	41DE00481210002f05
roland.ext.sd.dt.multi.timbre.part16.program	41DE00481210002f06
roland.ext.sd.dt.multi.timbre.part16.volume	41DE00481210002f07
roland.ext.sd.dt.multi.timbre.part16.panpot	41DE00481210002f08
roland.ext.sd.dt.multi.timbre.part16.coarseTune	41DE00481210002f09
roland.ext.sd.dt.multi.timbre.part16.fineTune	41DE00481210002f0a
roland.ext.sd.dt.multi.timbre.part16.monoPoly	41DE00481210002f0b
roland.ext.sd.dt.multi.timbre.part16.legato	41DE00481210002f0c
roland.ext.sd.dt.multi.timbre.part16.pitchRange	41DE00481210002f0d
roland.ext.sd.dt.multi.timbre.part16.portamentoSw	41DE00481210002f0e
roland.ext.sd.dt.multi.timbre.part16.portamento	41DE00481210002f0f
roland.ext.sd.dt.multi.timbre.part16.portamentoSecondByte	41DE00481210002f10
roland.ext.sd.dt.multi.timbre.part16.brightness	41DE00481210002f11
roland.ext.sd.dt.multi.timbre.part16.resonance	41DE00481210002f12
roland.ext.sd.dt.multi.timbre.part16.attackTime	41DE00481210002f13
roland.ext.sd.dt.multi.timbre.part16.releaseTime	41DE00481210002f14
roland.ext.sd.dt.multi.timbre.part16.octaveShift	41DE00481210002f15
roland.ext.sd.dt.multi.timbre.part16.veloSensitivity	41DE00481210002f16
roland.ext.sd.dt.multi.timbre.part16.keyRangeLow	41DE00481210002f17
roland.ext.sd.dt.multi.timbre.part16.keyRangeHigh	41DE00481210002f18
roland.ext.sd.dt.multi.timbre.part16.keyFadeLow	41DE00481210002f19
roland.ext.sd.dt.multi.timbre.part16.keyFadeHigh	41DE00481210002f1a
roland.ext.sd.dt.multi.timbre.part16.muteSwitch	41DE00481210002f1b
roland.ext.sd.dt.multi.timbre.part16.dry	41DE00481210002f1c
roland.ext.sd.dt.multi.timbre.part16.chorus	41DE00481210002f1d
roland.ext.sd.dt.multi.timbre.part16.reverb	41DE00481210002f1e
roland.ext.sd.dt.multi.timbre.part16.outputAssign	41DE00481210002f1f
roland.ext.sd.dt.multi.timbre.part16.mfxSlot	41DE00481210002f20
roland.ext.sd.dt.multi.timbre.part16.decayTime	41DE00481210002f21
roland.ext.sd.dt.multi.timbre.part16.vibratoRate	41DE00481210002f22
roland.ext.sd.dt.multi.timbre.part16.vibratoDepth	41DE00481210002f23
roland.ext.sd.dt.multi.timbre.part16.vibratoDelay	41DE00481210002f24
roland.ext.sd.dt.multi.timbre.part16.modDepth	41DE00481210002f25
roland.ext.sd.dt.multi.timbre.part16.patPitch	41DE00481210002f26
roland.ext.sd.dt.multi.timbre.part16.patBrightness	41DE00481210002f27
roland.ext.sd.dt.multi.timbre.part16.patAmplitude	41DE00481210002f28
roland.ext.sd.dt.multi.timbre.part16.patPitchDepth	41DE00481210002f29
roland.ext.sd.dt.multi.timbre.part16.patFilterDepth	41DE00481210002f2a
roland.ext.sd.dt.multi.timbre.part16.patAmplitudeDepth	41DE00481210002f2b
roland.ext.sd.dt.multi.timbre.part16.ccNumber	41DE00481210002f2c
roland.ext.sd.dt.multi.timbre.part16.ccPitch	41DE00481210002f2d
roland.ext.sd.dt.multi.timbre.part16.ccBrightness	41DE00481210002f2e
roland.ext.sd.dt.multi.timbre.part16.ccAmplitude	41DE00481210002f2f
roland.ext.sd.dt.multi.timbre.part16.ccPitchDepth	41DE00481210002f30
roland.ext.sd.dt.multi.timbre.part16.ccFilterDepth	41DE00481210002f31
roland.ext.sd.dt.multi.timbre.part16.ccAmplitudeDepth	41DE00481210002f32
roland.ext.sd.dt.multi.timbre.part16.scaleTune0	41DE00481210002f33
roland.ext.sd.dt.multi.timbre.part16.scaleTune1	41DE00481210002f34
roland.ext.sd.dt.multi.timbre.part16.scaleTune2	41DE00481210002f35
roland.ext.sd.dt.multi.timbre.part16.scaleTune3	41DE00481210002f36
roland.ext.sd.dt.multi.timbre.part16.scaleTune4	41DE00481210002f37
roland.ext.sd.dt.multi.timbre.part16.scaleTune5	41DE00481210002f38
roland.ext.sd.dt.multi.timbre.part16.scaleTune6	41DE00481210002f39
roland.ext.sd.dt.multi.timbre.part16.scaleTune7	41DE00481210002f3a
roland.ext.sd.dt.multi.timbre.part16.scaleTune8	41DE00481210002f3b
roland.ext.sd.dt.multi.timbre.part16.scaleTune9	41DE00481210002f3c
roland.ext.sd.dt.multi.timbre.part16.scaleTune10	41DE00481210002f3d
roland.ext.sd.dt.multi.timbre.part16.scaleTune11	41DE00481210002f3e
roland.ext.sd.dt.multi.timbre.part16.sdGm2Set	41DE00481210002f3f
roland.ext.sd.dt.multi.timbre.part17	41DE004812100030
roland.ext.sd.dt.multi.timbre.part17.rxCh	41DE00481210003000
roland.ext.sd.dt.multi.timbre.part17.rxSwitch	41DE00481210003001
roland.ext.sd.dt.multi.timbre.part17.unknown02	41DE00481210003002
roland.ext.sd.dt.multi.timbre.part17.rxPort	41DE00481210003003
roland.ext.sd.dt.multi.timbre.part17.bankMsb	41DE00481210003004
roland.ext.sd.dt.multi.timbre.part17.bankLsb	41DE00481210003005
roland.ext.sd.dt.multi.timbre.part17.program	41DE00481210003006
roland.ext.sd.dt.multi.timbre.part17.volume	41DE00481210003007
roland.ext.sd.dt.multi.timbre.part17.panpot	41DE00481210003008
roland.ext.sd.dt.multi.timbre.part17.coarseTune	41DE00481210003009
roland.ext.sd.dt.multi.timbre.part17.fineTune	41DE0048121000300a
roland.ext.sd.dt.multi.timbre.part17.monoPoly	41DE0048121000300b
roland.ext.sd.dt.multi.timbre.part17.legato	41DE0048121000300c
roland.ext.sd.dt.multi.timbre.part17.pitchRange	41DE0048121000300d
roland.ext.sd.dt.multi.timbre.part17.portamentoSw	41DE0048121000300e
roland.ext.sd.dt.multi.timbre.part17.portamento	41DE0048121000300f
roland.ext.sd.dt.multi.timbre.part17.portamentoSecondByte	41DE00481210003010
roland.ext.sd.dt.multi.timbre.part17.brightness	41DE00481210003011
roland.ext.sd.dt.multi.timbre.part17.resonance	41DE00481210003012
roland.ext.sd.dt.multi.timbre.part17.attackTime	41DE00481210003013
roland.ext.sd.dt.multi.timbre.part17.releaseTime	41DE00481210003014
roland.ext.sd.dt.multi.timbre.part17.octaveShift	41DE00481210003015
roland.ext.sd.dt.multi.timbre.part17.veloSensitivity	41DE00481210003016
roland.ext.sd.dt.multi.timbre.part17.keyRangeLow	41DE00481210003017
roland.ext.sd.dt.multi.timbre.part17.keyRangeHigh	41DE00481210003018
roland.ext.sd.dt.multi.timbre.part17.keyFadeLow	41DE00481210003019
roland.ext.sd.dt.multi.timbre.part17.keyFadeHigh	41DE0048121000301a
roland.ext.sd.dt.multi.timbre.part17.muteSwitch	41DE0048121000301b
roland.ext.sd.dt.multi.timbre.part17.dry	41DE0048121000301c
roland.ext.sd.dt.multi.timbre.part17.chorus	41DE0048121000301d
roland.ext.sd.dt.multi.timbre.part17.reverb	41DE0048121000301e
roland.ext.sd.dt.multi.timbre.part17.outputAssign	41DE0048121000301f
roland.ext.sd.dt.multi.timbre.part17.mfxSlot	41DE00481210003020
roland.ext.sd.dt.multi.timbre.part17.decayTime	41DE00481210003021
roland.ext.sd.dt.multi.timbre.part17.vibratoRate	41DE00481210003022
roland.ext.sd.dt.multi.timbre.part17.vibratoDepth	41DE00481210003023
roland.ext.sd.dt.multi.timbre.part17.vibratoDelay	41DE00481210003024
roland.ext.sd.dt.multi.timbre.part17.modDepth	41DE00481210003025
roland.ext.sd.dt.multi.timbre.part17.patPitch	41DE00481210003026
roland.ext.sd.dt.multi.timbre.part17.patBrightness	41DE00481210003027
roland.ext.sd.dt.multi.timbre.part17.patAmplitude	41DE00481210003028
roland.ext.sd.dt.multi.timbre.part17.patPitchDepth	41DE00481210003029
roland.ext.sd.dt.multi.timbre.part17.patFilterDepth	41DE0048121000302a
roland.ext.sd.dt.multi.timbre.part17.patAmplitudeDepth	41DE0048121000302b
roland.ext.sd.dt.multi.timbre.part17.ccNumber	41DE0048121000302c
roland.ext.sd.dt.multi.timbre.part17.ccPitch	41DE0048121000302d
roland.ext.sd.dt.multi.timbre.part17.ccBrightness	41DE0048121000302e
roland.ext.sd.dt.multi.timbre.part17.ccAmplitude	41DE0048121000302f
roland.ext.sd.dt.multi.timbre.part17.ccPitchDepth	41DE00481210003030
roland.ext.sd.dt.multi.timbre.part17.ccFilterDepth	41DE00481210003031
roland.ext.sd.dt.multi.timbre.part17.ccAmplitudeDepth	41DE00481210003032
roland.ext.sd.dt.multi.timbre.part17.scaleTune0	41DE00481210003033
roland.ext.sd.dt.multi.timbre.part17.scaleTune1	41DE00481210003034
roland.ext.sd.dt.multi.timbre.part17.scaleTune2	41DE00481210003035
roland.ext.sd.dt.multi.timbre.part17.scaleTune3	41DE00481210003036
roland.ext.sd.dt.multi.timbre.part17.scaleTune4	41DE00481210003037
roland.ext.sd.dt.multi.timbre.part17.scaleTune5	41DE00481210003038
roland.ext.sd.dt.multi.timbre.part17.scaleTune6	41DE00481210003039
roland.ext.sd.dt.multi.timbre.part17.scaleTune7	41DE0048121000303a
roland.ext.sd.dt.multi.timbre.part17.scaleTune8	41DE0048121000303b
roland.ext.sd.dt.multi.timbre.part17.scaleTune9	41DE0048121000303c
roland.ext.sd.dt.multi.timbre.part17.scaleTune10	41DE0048121000303d
roland.ext.sd.dt.multi.timbre.part17.scaleTune11	41DE0048121000303e
roland.ext.sd.dt.multi.timbre.part17.sdGm2Set	41DE0048121000303f
roland.ext.sd.dt.multi.timbre.part18	41DE004812100031
roland.ext.sd.dt.multi.timbre.part18.rxCh	41DE00481210003100
roland.ext.sd.dt.multi.timbre.part18.rxSwitch	41DE00481210003101
roland.ext.sd.dt.multi.timbre.part18.unknown02	41DE00481210003102
roland.ext.sd.dt.multi.timbre.part18.rxPort	41DE00481210003103
roland.ext.sd.dt.multi.timbre.part18.bankMsb	41DE00481210003104
roland.ext.sd.dt.multi.timbre.part18.bankLsb	41DE00481210003105
roland.ext.sd.dt.multi.timbre.part18.program	41DE00481210003106
roland.ext.sd.dt.multi.timbre.part18.volume	41DE00481210003107
roland.ext.sd.dt.multi.timbre.part18.panpot	41DE00481210003108
roland.ext.sd.dt.multi.timbre.part18.coarseTune	41DE00481210003109
roland.ext.sd.dt.multi.timbre.part18.fineTune	41DE0048121000310a
roland.ext.sd.dt.multi.timbre.part18.monoPoly	41DE0048121000310b
roland.ext.sd.dt.multi.timbre.part18.legato	41DE0048121000310c
roland.ext.sd.dt.multi.timbre.part18.pitchRange	41DE0048121000310d
roland.ext.sd.dt.multi.timbre.part18.portamentoSw	41DE0048121000310e
roland.ext.sd.dt.multi.timbre.part18.portamento	41DE0048121000310f
roland.ext.sd.dt.multi.timbre.part18.portamentoSecondByte	41DE00481210003110
roland.ext.sd.dt.multi.timbre.part18.brightness	41DE00481210003111
roland.ext.sd.dt.multi.timbre.part18.resonance	41DE00481210003112
roland.ext.sd.dt.multi.timbre.part18.attackTime	41DE00481210003113
roland.ext.sd.dt.multi.timbre.part18.releaseTime	41DE00481210003114
roland.ext.sd.dt.multi.timbre.part18.octaveShift	41DE00481210003115
roland.ext.sd.dt.multi.timbre.part18.veloSensitivity	41DE00481210003116
roland.ext.sd.dt.multi.timbre.part18.keyRangeLow	41DE00481210003117
roland.ext.sd.dt.multi.timbre.part18.keyRangeHigh	41DE00481210003118
roland.ext.sd.dt.multi.timbre.part18.keyFadeLow	41DE00481210003119
roland.ext.sd.dt.multi.timbre.part18.keyFadeHigh	41DE0048121000311a
roland.ext.sd.dt.multi.timbre.part18.muteSwitch	41DE0048121000311b
roland.ext.sd.dt.multi.timbre.part18.dry	41DE0048121000311c
roland.ext.sd.dt.multi.timbre.part18.chorus	41DE0048121000311d
roland.ext.sd.dt.multi.timbre.part18.reverb	41DE0048121000311e
roland.ext.sd.dt.multi.timbre.part18.outputAssign	41DE0048121000311f
roland.ext.sd.dt.multi.timbre.part18.mfxSlot	41DE00481210003120
roland.ext.sd.dt.multi.timbre.part18.decayTime	41DE00481210003121
roland.ext.sd.dt.multi.timbre.part18.vibratoRate	41DE00481210003122
roland.ext.sd.dt.multi.timbre.part18.vibratoDepth	41DE00481210003123
roland.ext.sd.dt.multi.timbre.part18.vibratoDelay	41DE00481210003124
roland.ext.sd.dt.multi.timbre.part18.modDepth	41DE00481210003125
roland.ext.sd.dt.multi.timbre.part18.patPitch	41DE00481210003126
roland.ext.sd.dt.multi.timbre.part18.patBrightness	41DE00481210003127
roland.ext.sd.dt.multi.timbre.part18.patAmplitude	41DE00481210003128
roland.ext.sd.dt.multi.timbre.part18.patPitchDepth	41DE00481210003129
roland.ext.sd.dt.multi.timbre.part18.patFilterDepth	41DE0048121000312a
roland.ext.sd.dt.multi.timbre.part18.patAmplitudeDepth	41DE0048121000312b
roland.ext.sd.dt.multi.timbre.part18.ccNumber	41DE0048121000312c
roland.ext.sd.dt.multi.timbre.part18.ccPitch	41DE0048121000312d
roland.ext.sd.dt.multi.timbre.part18.ccBrightness	41DE0048121000312e
roland.ext.sd.dt.multi.timbre.part18.ccAmplitude	41DE0048121000312f
roland.ext.sd.dt.multi.timbre.part18.ccPitchDepth	41DE00481210003130
roland.ext.sd.dt.multi.timbre.part18.ccFilterDepth	41DE00481210003131
roland.ext.sd.dt.multi.timbre.part18.ccAmplitudeDepth	41DE00481210003132
roland.ext.sd.dt.multi.timbre.part18.scaleTune0	41DE00481210003133
roland.ext.sd.dt.multi.timbre.part18.scaleTune1	41DE00481210003134
roland.ext.sd.dt.multi.timbre.part18.scaleTune2	41DE00481210003135
roland.ext.sd.dt.multi.timbre.part18.scaleTune3	41DE00481210003136
roland.ext.sd.dt.multi.timbre.part18.scaleTune4	41DE00481210003137
roland.ext.sd.dt.multi.timbre.part18.scaleTune5	41DE00481210003138
roland.ext.sd.dt.multi.timbre.part18.scaleTune6	41DE00481210003139
roland.ext.sd.dt.multi.timbre.part18.scaleTune7	41DE0048121000313a
roland.ext.sd.dt.multi.timbre.part18.scaleTune8	41DE0048121000313b
roland.ext.sd.dt.multi.timbre.part18.scaleTune9	41DE0048121000313c
roland.ext.sd.dt.multi.timbre.part18.scaleTune10	41DE0048121000313d
roland.ext.sd.dt.multi.timbre.part18.scaleTune11	41DE0048121000313e
roland.ext.sd.dt.multi.timbre.part18.sdGm2Set	41DE0048121000313f
roland.ext.sd.dt.multi.timbre.part19	41DE004812100032
roland.ext.sd.dt.multi.timbre.part19.rxCh	41DE00481210003200
roland.ext.sd.dt.multi.timbre.part19.rxSwitch	41DE00481210003201
roland.ext.sd.dt.multi.timbre.part19.unknown02	41DE00481210003202
roland.ext.sd.dt.multi.timbre.part19.rxPort	41DE00481210003203
roland.ext.sd.dt.multi.timbre.part19.bankMsb	41DE00481210003204
roland.ext.sd.dt.multi.timbre.part19.bankLsb	41DE00481210003205
roland.ext.sd.dt.multi.timbre.part19.program	41DE00481210003206
roland.ext.sd.dt.multi.timbre.part19.volume	41DE00481210003207
roland.ext.sd.dt.multi.timbre.part19.panpot	41DE00481210003208
roland.ext.sd.dt.multi.timbre.part19.coarseTune	41DE00481210003209
roland.ext.sd.dt.multi.timbre.part19.fineTune	41DE0048121000320a
roland.ext.sd.dt.multi.timbre.part19.monoPoly	41DE0048121000320b
roland.ext.sd.dt.multi.timbre.part19.legato	41DE0048121000320c
roland.ext.sd.dt.multi.timbre.part19.pitchRange	41DE0048121000320d
roland.ext.sd.dt.multi.timbre.part19.portamentoSw	41DE0048121000320e
roland.ext.sd.dt.multi.timbre.part19.portamento	41DE0048121000320f
roland.ext.sd.dt.multi.timbre.part19.portamentoSecondByte	41DE00481210003210
roland.ext.sd.dt.multi.timbre.part19.brightness	41DE00481210003211
roland.ext.sd.dt.multi.timbre.part19.resonance	41DE00481210003212
roland.ext.sd.dt.multi.timbre.part19.attackTime	41DE00481210003213
roland.ext.sd.dt.multi.timbre.part19.releaseTime	41DE00481210003214
roland.ext.sd.dt.multi.timbre.part19.octaveShift	41DE00481210003215
roland.ext.sd.dt.multi.timbre.part19.veloSensitivity	41DE00481210003216
roland.ext.sd.dt.multi.timbre.part19.keyRangeLow	41DE00481210003217
roland.ext.sd.dt.multi.timbre.part19.keyRangeHigh	41DE00481210003218
roland.ext.sd.dt.multi.timbre.part19.keyFadeLow	41DE00481210003219
roland.ext.sd.dt.multi.timbre.part19.keyFadeHigh	41DE0048121000321a
roland.ext.sd.dt.multi.timbre.part19.muteSwitch	41DE0048121000321b
roland.ext.sd.dt.multi.timbre.part19.dry	41DE0048121000321c
roland.ext.sd.dt.multi.timbre.part19.chorus	41DE0048121000321d
roland.ext.sd.dt.multi.timbre.part19.reverb	41DE0048121000321e
roland.ext.sd.dt.multi.timbre.part19.outputAssign	41DE0048121000321f
roland.ext.sd.dt.multi.timbre.part19.mfxSlot	41DE00481210003220
roland.ext.sd.dt.multi.timbre.part19.decayTime	41DE00481210003221
roland.ext.sd.dt.multi.timbre.part19.vibratoRate	41DE00481210003222
roland.ext.sd.dt.multi.timbre.part19.vibratoDepth	41DE00481210003223
roland.ext.sd.dt.multi.timbre.part19.vibratoDelay	41DE00481210003224
roland.ext.sd.dt.multi.timbre.part19.modDepth	41DE00481210003225
roland.ext.sd.dt.multi.timbre.part19.patPitch	41DE00481210003226
roland.ext.sd.dt.multi.timbre.part19.patBrightness	41DE00481210003227
roland.ext.sd.dt.multi.timbre.part19.patAmplitude	41DE00481210003228
roland.ext.sd.dt.multi.timbre.part19.patPitchDepth	41DE00481210003229
roland.ext.sd.dt.multi.timbre.part19.patFilterDepth	41DE0048121000322a
roland.ext.sd.dt.multi.timbre.part19.patAmplitudeDepth	41DE0048121000322b
roland.ext.sd.dt.multi.timbre.part19.ccNumber	41DE0048121000322c
roland.ext.sd.dt.multi.timbre.part19.ccPitch	41DE0048121000322d
roland.ext.sd.dt.multi.timbre.part19.ccBrightness	41DE0048121000322e
roland.ext.sd.dt.multi.timbre.part19.ccAmplitude	41DE0048121000322f
roland.ext.sd.dt.multi.timbre.part19.ccPitchDepth	41DE00481210003230
roland.ext.sd.dt.multi.timbre.part19.ccFilterDepth	41DE00481210003231
roland.ext.sd.dt.multi.timbre.part19.ccAmplitudeDepth	41DE00481210003232
roland.ext.sd.dt.multi.timbre.part19.scaleTune0	41DE00481210003233
roland.ext.sd.dt.multi.timbre.part19.scaleTune1	41DE00481210003234
roland.ext.sd.dt.multi.timbre.part19.scaleTune2	41DE00481210003235
roland.ext.sd.dt.multi.timbre.part19.scaleTune3	41DE00481210003236
roland.ext.sd.dt.multi.timbre.part19.scaleTune4	41DE00481210003237
roland.ext.sd.dt.multi.timbre.part19.scaleTune5	41DE00481210003238
roland.ext.sd.dt.multi.timbre.part19.scaleTune6	41DE00481210003239
roland.ext.sd.dt.multi.timbre.part19.scaleTune7	41DE0048121000323a
roland.ext.sd.dt.multi.timbre.part19.scaleTune8	41DE0048121000323b
roland.ext.sd.dt.multi.timbre.part19.scaleTune9	41DE0048121000323c
roland.ext.sd.dt.multi.timbre.part19.scaleTune10	41DE0048121000323d
roland.ext.sd.dt.multi.timbre.part19.scaleTune11	41DE0048121000323e
roland.ext.sd.dt.multi.timbre.part19.sdGm2Set	41DE0048121000323f
roland.ext.sd.dt.multi.timbre.part20	41DE004812100033
roland.ext.sd.dt.multi.timbre.part20.rxCh	41DE00481210003300
roland.ext.sd.dt.multi.timbre.part20.rxSwitch	41DE00481210003301
roland.ext.sd.dt.multi.timbre.part20.unknown02	41DE00481210003302
roland.ext.sd.dt.multi.timbre.part20.rxPort	41DE00481210003303
roland.ext.sd.dt.multi.timbre.part20.bankMsb	41DE00481210003304
roland.ext.sd.dt.multi.timbre.part20.bankLsb	41DE00481210003305
roland.ext.sd.dt.multi.timbre.part20.program	41DE00481210003306
roland.ext.sd.dt.multi.timbre.part20.volume	41DE00481210003307
roland.ext.sd.dt.multi.timbre.part20.panpot	41DE00481210003308
roland.ext.sd.dt.multi.timbre.part20.coarseTune	41DE00481210003309
roland.ext.sd.dt.multi.timbre.part20.fineTune	41DE0048121000330a
roland.ext.sd.dt.multi.timbre.part20.monoPoly	41DE0048121000330b
roland.ext.sd.dt.multi.timbre.part20.legato	41DE0048121000330c
roland.ext.sd.dt.multi.timbre.part20.pitchRange	41DE0048121000330d
roland.ext.sd.dt.multi.timbre.part20.portamentoSw	41DE0048121000330e
roland.ext.sd.dt.multi.timbre.part20.portamento	41DE0048121000330f
roland.ext.sd.dt.multi.timbre.part20.portamentoSecondByte	41DE00481210003310
roland.ext.sd.dt.multi.timbre.part20.brightness	41DE00481210003311
roland.ext.sd.dt.multi.timbre.part20.resonance	41DE00481210003312
roland.ext.sd.dt.multi.timbre.part20.attackTime	41DE00481210003313
roland.ext.sd.dt.multi.timbre.part20.releaseTime	41DE00481210003314
roland.ext.sd.dt.multi.timbre.part20.octaveShift	41DE00481210003315
roland.ext.sd.dt.multi.timbre.part20.veloSensitivity	41DE00481210003316
roland.ext.sd.dt.multi.timbre.part20.keyRangeLow	41DE00481210003317
roland.ext.sd.dt.multi.timbre.part20.keyRangeHigh	41DE00481210003318
roland.ext.sd.dt.multi.timbre.part20.keyFadeLow	41DE00481210003319
roland.ext.sd.dt.multi.timbre.part20.keyFadeHigh	41DE0048121000331a
roland.ext.sd.dt.multi.timbre.part20.muteSwitch	41DE0048121000331b
roland.ext.sd.dt.multi.timbre.part20.dry	41DE0048121000331c
roland.ext.sd.dt.multi.timbre.part20.chorus	41DE0048121000331d
roland.ext.sd.dt.multi.timbre.part20.reverb	41DE0048121000331e
roland.ext.sd.dt.multi.timbre.part20.outputAssign	41DE0048121000331f
roland.ext.sd.dt.multi.timbre.part20.mfxSlot	41DE00481210003320
roland.ext.sd.dt.multi.timbre.part20.decayTime	41DE00481210003321
roland.ext.sd.dt.multi.timbre.part20.vibratoRate	41DE00481210003322
roland.ext.sd.dt.multi.timbre.part20.vibratoDepth	41DE00481210003323
roland.ext.sd.dt.multi.timbre.part20.vibratoDelay	41DE00481210003324
roland.ext.sd.dt.multi.timbre.part20.modDepth	41DE00481210003325
roland.ext.sd.dt.multi.timbre.part20.patPitch	41DE00481210003326
roland.ext.sd.dt.multi.timbre.part20.patBrightness	41DE00481210003327
roland.ext.sd.dt.multi.timbre.part20.patAmplitude	41DE00481210003328
roland.ext.sd.dt.multi.timbre.part20.patPitchDepth	41DE00481210003329
roland.ext.sd.dt.multi.timbre.part20.patFilterDepth	41DE0048121000332a
roland.ext.sd.dt.multi.timbre.part20.patAmplitudeDepth	41DE0048121000332b
roland.ext.sd.dt.multi.timbre.part20.ccNumber	41DE0048121000332c
roland.ext.sd.dt.multi.timbre.part20.ccPitch	41DE0048121000332d
roland.ext.sd.dt.multi.timbre.part20.ccBrightness	41DE0048121000332e
roland.ext.sd.dt.multi.timbre.part20.ccAmplitude	41DE0048121000332f
roland.ext.sd.dt.multi.timbre.part20.ccPitchDepth	41DE00481210003330
roland.ext.sd.dt.multi.timbre.part20.ccFilterDepth	41DE00481210003331
roland.ext.sd.dt.multi.timbre.part20.ccAmplitudeDepth	41DE00481210003332
roland.ext.sd.dt.multi.timbre.part20.scaleTune0	41DE00481210003333
roland.ext.sd.dt.multi.timbre.part20.scaleTune1	41DE00481210003334
roland.ext.sd.dt.multi.timbre.part20.scaleTune2	41DE00481210003335
roland.ext.sd.dt.multi.timbre.part20.scaleTune3	41DE00481210003336
roland.ext.sd.dt.multi.timbre.part20.scaleTune4	41DE00481210003337
roland.ext.sd.dt.multi.timbre.part20.scaleTune5	41DE00481210003338
roland.ext.sd.dt.multi.timbre.part20.scaleTune6	41DE00481210003339
roland.ext.sd.dt.multi.timbre.part20.scaleTune7	41DE0048121000333a
roland.ext.sd.dt.multi.timbre.part20.scaleTune8	41DE0048121000333b
roland.ext.sd.dt.multi.timbre.part20.scaleTune9	41DE0048121000333c
roland.ext.sd.dt.multi.timbre.part20.scaleTune10	41DE0048121000333d
roland.ext.sd.dt.multi.timbre.part20.scaleTune11	41DE0048121000333e
roland.ext.sd.dt.multi.timbre.part20.sdGm2Set	41DE0048121000333f
roland.ext.sd.dt.multi.timbre.part21	41DE004812100034
roland.ext.sd.dt.multi.timbre.part21.rxCh	41DE00481210003400
roland.ext.sd.dt.multi.timbre.part21.rxSwitch	41DE00481210003401
roland.ext.sd.dt.multi.timbre.part21.unknown02	41DE00481210003402
roland.ext.sd.dt.multi.timbre.part21.rxPort	41DE00481210003403
roland.ext.sd.dt.multi.timbre.part21.bankMsb	41DE00481210003404
roland.ext.sd.dt.multi.timbre.part21.bankLsb	41DE00481210003405
roland.ext.sd.dt.multi.timbre.part21.program	41DE00481210003406
roland.ext.sd.dt.multi.timbre.part21.volume	41DE00481210003407
roland.ext.sd.dt.multi.timbre.part21.panpot	41DE00481210003408
roland.ext.sd.dt.multi.timbre.part21.coarseTune	41DE00481210003409
roland.ext.sd.dt.multi.timbre.part21.fineTune	41DE0048121000340a
roland.ext.sd.dt.multi.timbre.part21.monoPoly	41DE0048121000340b
roland.ext.sd.dt.multi.timbre.part21.legato	41DE0048121000340c
roland.ext.sd.dt.multi.timbre.part21.pitchRange	41DE0048121000340d
roland.ext.sd.dt.multi.timbre.part21.portamentoSw	41DE0048121000340e
roland.ext.sd.dt.multi.timbre.part21.portamento	41DE0048121000340f
roland.ext.sd.dt.multi.timbre.part21.portamentoSecondByte	41DE00481210003410
roland.ext.sd.dt.multi.timbre.part21.brightness	41DE00481210003411
roland.ext.sd.dt.multi.timbre.part21.resonance	41DE00481210003412
roland.ext.sd.dt.multi.timbre.part21.attackTime	41DE00481210003413
roland.ext.sd.dt.multi.timbre.part21.releaseTime	41DE00481210003414
roland.ext.sd.dt.multi.timbre.part21.octaveShift	41DE00481210003415
roland.ext.sd.dt.multi.timbre.part21.veloSensitivity	41DE00481210003416
roland.ext.sd.dt.multi.timbre.part21.keyRangeLow	41DE00481210003417
roland.ext.sd.dt.multi.timbre.part21.keyRangeHigh	41DE00481210003418
roland.ext.sd.dt.multi.timbre.part21.keyFadeLow	41DE00481210003419
roland.ext.sd.dt.multi.timbre.part21.keyFadeHigh	41DE0048121000341a
roland.ext.sd.dt.multi.timbre.part21.muteSwitch	41DE0048121000341b
roland.ext.sd.dt.multi.timbre.part21.dry	41DE0048121000341c
roland.ext.sd.dt.multi.timbre.part21.chorus	41DE0048121000341d
roland.ext.sd.dt.multi.timbre.part21.reverb	41DE0048121000341e
roland.ext.sd.dt.multi.timbre.part21.outputAssign	41DE0048121000341f
roland.ext.sd.dt.multi.timbre.part21.mfxSlot	41DE00481210003420
roland.ext.sd.dt.multi.timbre.part21.decayTime	41DE00481210003421
roland.ext.sd.dt.multi.timbre.part21.vibratoRate	41DE00481210003422
roland.ext.sd.dt.multi.timbre.part21.vibratoDepth	41DE00481210003423
roland.ext.sd.dt.multi.timbre.part21.vibratoDelay	41DE00481210003424
roland.ext.sd.dt.multi.timbre.part21.modDepth	41DE00481210003425
roland.ext.sd.dt.multi.timbre.part21.patPitch	41DE00481210003426
roland.ext.sd.dt.multi.timbre.part21.patBrightness	41DE00481210003427
roland.ext.sd.dt.multi.timbre.part21.patAmplitude	41DE00481210003428
roland.ext.sd.dt.multi.timbre.part21.patPitchDepth	41DE00481210003429
roland.ext.sd.dt.multi.timbre.part21.patFilterDepth	41DE0048121000342a
roland.ext.sd.dt.multi.timbre.part21.patAmplitudeDepth	41DE0048121000342b
roland.ext.sd.dt.multi.timbre.part21.ccNumber	41DE0048121000342c
roland.ext.sd.dt.multi.timbre.part21.ccPitch	41DE0048121000342d
roland.ext.sd.dt.multi.timbre.part21.ccBrightness	41DE0048121000342e
roland.ext.sd.dt.multi.timbre.part21.ccAmplitude	41DE0048121000342f
roland.ext.sd.dt.multi.timbre.part21.ccPitchDepth	41DE00481210003430
roland.ext.sd.dt.multi.timbre.part21.ccFilterDepth	41DE00481210003431
roland.ext.sd.dt.multi.timbre.part21.ccAmplitudeDepth	41DE00481210003432
roland.ext.sd.dt.multi.timbre.part21.scaleTune0	41DE00481210003433
roland.ext.sd.dt.multi.timbre.part21.scaleTune1	41DE00481210003434
roland.ext.sd.dt.multi.timbre.part21.scaleTune2	41DE00481210003435
roland.ext.sd.dt.multi.timbre.part21.scaleTune3	41DE00481210003436
roland.ext.sd.dt.multi.timbre.part21.scaleTune4	41DE00481210003437
roland.ext.sd.dt.multi.timbre.part21.scaleTune5	41DE00481210003438
roland.ext.sd.dt.multi.timbre.part21.scaleTune6	41DE00481210003439
roland.ext.sd.dt.multi.timbre.part21.scaleTune7	41DE0048121000343a
roland.ext.sd.dt.multi.timbre.part21.scaleTune8	41DE0048121000343b
roland.ext.sd.dt.multi.timbre.part21.scaleTune9	41DE0048121000343c
roland.ext.sd.dt.multi.timbre.part21.scaleTune10	41DE0048121000343d
roland.ext.sd.dt.multi.timbre.part21.scaleTune11	41DE0048121000343e
roland.ext.sd.dt.multi.timbre.part21.sdGm2Set	41DE0048121000343f
roland.ext.sd.dt.multi.timbre.part22	41DE004812100035
roland.ext.sd.dt.multi.timbre.part22.rxCh	41DE00481210003500
roland.ext.sd.dt.multi.timbre.part22.rxSwitch	41DE00481210003501
roland.ext.sd.dt.multi.timbre.part22.unknown02	41DE00481210003502
roland.ext.sd.dt.multi.timbre.part22.rxPort	41DE00481210003503
roland.ext.sd.dt.multi.timbre.part22.bankMsb	41DE00481210003504
roland.ext.sd.dt.multi.timbre.part22.bankLsb	41DE00481210003505
roland.ext.sd.dt.multi.timbre.part22.program	41DE00481210003506
roland.ext.sd.dt.multi.timbre.part22.volume	41DE00481210003507
roland.ext.sd.dt.multi.timbre.part22.panpot	41DE00481210003508
roland.ext.sd.dt.multi.timbre.part22.coarseTune	41DE00481210003509
roland.ext.sd.dt.multi.timbre.part22.fineTune	41DE0048121000350a
roland.ext.sd.dt.multi.timbre.part22.monoPoly	41DE0048121000350b
roland.ext.sd.dt.multi.timbre.part22.legato	41DE0048121000350c
roland.ext.sd.dt.multi.timbre.part22.pitchRange	41DE0048121000350d
roland.ext.sd.dt.multi.timbre.part22.portamentoSw	41DE0048121000350e
roland.ext.sd.dt.multi.timbre.part22.portamento	41DE0048121000350f
roland.ext.sd.dt.multi.timbre.part22.portamentoSecondByte	41DE00481210003510
roland.ext.sd.dt.multi.timbre.part22.brightness	41DE00481210003511
roland.ext.sd.dt.multi.timbre.part22.resonance	41DE00481210003512
roland.ext.sd.dt.multi.timbre.part22.attackTime	41DE00481210003513
roland.ext.sd.dt.multi.timbre.part22.releaseTime	41DE00481210003514
roland.ext.sd.dt.multi.timbre.part22.octaveShift	41DE00481210003515
roland.ext.sd.dt.multi.timbre.part22.veloSensitivity	41DE00481210003516
roland.ext.sd.dt.multi.timbre.part22.keyRangeLow	41DE00481210003517
roland.ext.sd.dt.multi.timbre.part22.keyRangeHigh	41DE00481210003518
roland.ext.sd.dt.multi.timbre.part22.keyFadeLow	41DE00481210003519
roland.ext.sd.dt.multi.timbre.part22.keyFadeHigh	41DE0048121000351a
roland.ext.sd.dt.multi.timbre.part22.muteSwitch	41DE0048121000351b
roland.ext.sd.dt.multi.timbre.part22.dry	41DE0048121000351c
roland.ext.sd.dt.multi.timbre.part22.chorus	41DE0048121000351d
roland.ext.sd.dt.multi.timbre.part22.reverb	41DE0048121000351e
roland.ext.sd.dt.multi.timbre.part22.outputAssign	41DE0048121000351f
roland.ext.sd.dt.multi.timbre.part22.mfxSlot	41DE00481210003520
roland.ext.sd.dt.multi.timbre.part22.decayTime	41DE00481210003521
roland.ext.sd.dt.multi.timbre.part22.vibratoRate	41DE00481210003522
roland.ext.sd.dt.multi.timbre.part22.vibratoDepth	41DE00481210003523
roland.ext.sd.dt.multi.timbre.part22.vibratoDelay	41DE00481210003524
roland.ext.sd.dt.multi.timbre.part22.modDepth	41DE00481210003525
roland.ext.sd.dt.multi.timbre.part22.patPitch	41DE00481210003526
roland.ext.sd.dt.multi.timbre.part22.patBrightness	41DE00481210003527
roland.ext.sd.dt.multi.timbre.part22.patAmplitude	41DE00481210003528
roland.ext.sd.dt.multi.timbre.part22.patPitchDepth	41DE00481210003529
roland.ext.sd.dt.multi.timbre.part22.patFilterDepth	41DE0048121000352a
roland.ext.sd.dt.multi.timbre.part22.patAmplitudeDepth	41DE0048121000352b
roland.ext.sd.dt.multi.timbre.part22.ccNumber	41DE0048121000352c
roland.ext.sd.dt.multi.timbre.part22.ccPitch	41DE0048121000352d
roland.ext.sd.dt.multi.timbre.part22.ccBrightness	41DE0048121000352e
roland.ext.sd.dt.multi.timbre.part22.ccAmplitude	41DE0048121000352f
roland.ext.sd.dt.multi.timbre.part22.ccPitchDepth	41DE00481210003530
roland.ext.sd.dt.multi.timbre.part22.ccFilterDepth	41DE00481210003531
roland.ext.sd.dt.multi.timbre.part22.ccAmplitudeDepth	41DE00481210003532
roland.ext.sd.dt.multi.timbre.part22.scaleTune0	41DE00481210003533
roland.ext.sd.dt.multi.timbre.part22.scaleTune1	41DE00481210003534
roland.ext.sd.dt.multi.timbre.part22.scaleTune2	41DE00481210003535
roland.ext.sd.dt.multi.timbre.part22.scaleTune3	41DE00481210003536
roland.ext.sd.dt.multi.timbre.part22.scaleTune4	41DE00481210003537
roland.ext.sd.dt.multi.timbre.part22.scaleTune5	41DE00481210003538
roland.ext.sd.dt.multi.timbre.part22.scaleTune6	41DE00481210003539
roland.ext.sd.dt.multi.timbre.part22.scaleTune7	41DE0048121000353a
roland.ext.sd.dt.multi.timbre.part22.scaleTune8	41DE0048121000353b
roland.ext.sd.dt.multi.timbre.part22.scaleTune9	41DE0048121000353c
roland.ext.sd.dt.multi.timbre.part22.scaleTune10	41DE0048121000353d
roland.ext.sd.dt.multi.timbre.part22.scaleTune11	41DE0048121000353e
roland.ext.sd.dt.multi.timbre.part22.sdGm2Set	41DE0048121000353f
roland.ext.sd.dt.multi.timbre.part23	41DE004812100036
roland.ext.sd.dt.multi.timbre.part23.rxCh	41DE00481210003600
roland.ext.sd.dt.multi.timbre.part23.rxSwitch	41DE00481210003601
roland.ext.sd.dt.multi.timbre.part23.unknown02	41DE00481210003602
roland.ext.sd.dt.multi.timbre.part23.rxPort	41DE00481210003603
roland.ext.sd.dt.multi.timbre.part23.bankMsb	41DE00481210003604
roland.ext.sd.dt.multi.timbre.part23.bankLsb	41DE00481210003605
roland.ext.sd.dt.multi.timbre.part23.program	41DE00481210003606
roland.ext.sd.dt.multi.timbre.part23.volume	41DE00481210003607
roland.ext.sd.dt.multi.timbre.part23.panpot	41DE00481210003608
roland.ext.sd.dt.multi.timbre.part23.coarseTune	41DE00481210003609
roland.ext.sd.dt.multi.timbre.part23.fineTune	41DE0048121000360a
roland.ext.sd.dt.multi.timbre.part23.monoPoly	41DE0048121000360b
roland.ext.sd.dt.multi.timbre.part23.legato	41DE0048121000360c
roland.ext.sd.dt.multi.timbre.part23.pitchRange	41DE0048121000360d
roland.ext.sd.dt.multi.timbre.part23.portamentoSw	41DE0048121000360e
roland.ext.sd.dt.multi.timbre.part23.portamento	41DE0048121000360f
roland.ext.sd.dt.multi.timbre.part23.portamentoSecondByte	41DE00481210003610
roland.ext.sd.dt.multi.timbre.part23.brightness	41DE00481210003611
roland.ext.sd.dt.multi.timbre.part23.resonance	41DE00481210003612
roland.ext.sd.dt.multi.timbre.part23.attackTime	41DE00481210003613
roland.ext.sd.dt.multi.timbre.part23.releaseTime	41DE00481210003614
roland.ext.sd.dt.multi.timbre.part23.octaveShift	41DE00481210003615
roland.ext.sd.dt.multi.timbre.part23.veloSensitivity	41DE00481210003616
roland.ext.sd.dt.multi.timbre.part23.keyRangeLow	41DE00481210003617
roland.ext.sd.dt.multi.timbre.part23.keyRangeHigh	41DE00481210003618
roland.ext.sd.dt.multi.timbre.part23.keyFadeLow	41DE00481210003619
roland.ext.sd.dt.multi.timbre.part23.keyFadeHigh	41DE0048121000361a
roland.ext.sd.dt.multi.timbre.part23.muteSwitch	41DE0048121000361b
roland.ext.sd.dt.multi.timbre.part23.dry	41DE0048121000361c
roland.ext.sd.dt.multi.timbre.part23.chorus	41DE0048121000361d
roland.ext.sd.dt.multi.timbre.part23.reverb	41DE0048121000361e
roland.ext.sd.dt.multi.timbre.part23.outputAssign	41DE0048121000361f
roland.ext.sd.dt.multi.timbre.part23.mfxSlot	41DE00481210003620
roland.ext.sd.dt.multi.timbre.part23.decayTime	41DE00481210003621
roland.ext.sd.dt.multi.timbre.part23.vibratoRate	41DE00481210003622
roland.ext.sd.dt.multi.timbre.part23.vibratoDepth	41DE00481210003623
roland.ext.sd.dt.multi.timbre.part23.vibratoDelay	41DE00481210003624
roland.ext.sd.dt.multi.timbre.part23.modDepth	41DE00481210003625
roland.ext.sd.dt.multi.timbre.part23.patPitch	41DE00481210003626
roland.ext.sd.dt.multi.timbre.part23.patBrightness	41DE00481210003627
roland.ext.sd.dt.multi.timbre.part23.patAmplitude	41DE00481210003628
roland.ext.sd.dt.multi.timbre.part23.patPitchDepth	41DE00481210003629
roland.ext.sd.dt.multi.timbre.part23.patFilterDepth	41DE0048121000362a
roland.ext.sd.dt.multi.timbre.part23.patAmplitudeDepth	41DE0048121000362b
roland.ext.sd.dt.multi.timbre.part23.ccNumber	41DE0048121000362c
roland.ext.sd.dt.multi.timbre.part23.ccPitch	41DE0048121000362d
roland.ext.sd.dt.multi.timbre.part23.ccBrightness	41DE0048121000362e
roland.ext.sd.dt.multi.timbre.part23.ccAmplitude	41DE0048121000362f
roland.ext.sd.dt.multi.timbre.part23.ccPitchDepth	41DE00481210003630
roland.ext.sd.dt.multi.timbre.part23.ccFilterDepth	41DE00481210003631
roland.ext.sd.dt.multi.timbre.part23.ccAmplitudeDepth	41DE00481210003632
roland.ext.sd.dt.multi.timbre.part23.scaleTune0	41DE00481210003633
roland.ext.sd.dt.multi.timbre.part23.scaleTune1	41DE00481210003634
roland.ext.sd.dt.multi.timbre.part23.scaleTune2	41DE00481210003635
roland.ext.sd.dt.multi.timbre.part23.scaleTune3	41DE00481210003636
roland.ext.sd.dt.multi.timbre.part23.scaleTune4	41DE00481210003637
roland.ext.sd.dt.multi.timbre.part23.scaleTune5	41DE00481210003638
roland.ext.sd.dt.multi.timbre.part23.scaleTune6	41DE00481210003639
roland.ext.sd.dt.multi.timbre.part23.scaleTune7	41DE0048121000363a
roland.ext.sd.dt.multi.timbre.part23.scaleTune8	41DE0048121000363b
roland.ext.sd.dt.multi.timbre.part23.scaleTune9	41DE0048121000363c
roland.ext.sd.dt.multi.timbre.part23.scaleTune10	41DE0048121000363d
roland.ext.sd.dt.multi.timbre.part23.scaleTune11	41DE0048121000363e
roland.ext.sd.dt.multi.timbre.part23.sdGm2Set	41DE0048121000363f
roland.ext.sd.dt.multi.timbre.part24	41DE004812100037
roland.ext.sd.dt.multi.timbre.part24.rxCh	41DE00481210003700
roland.ext.sd.dt.multi.timbre.part24.rxSwitch	41DE00481210003701
roland.ext.sd.dt.multi.timbre.part24.unknown02	41DE00481210003702
roland.ext.sd.dt.multi.timbre.part24.rxPort	41DE00481210003703
roland.ext.sd.dt.multi.timbre.part24.bankMsb	41DE00481210003704
roland.ext.sd.dt.multi.timbre.part24.bankLsb	41DE00481210003705
roland.ext.sd.dt.multi.timbre.part24.program	41DE00481210003706
roland.ext.sd.dt.multi.timbre.part24.volume	41DE00481210003707
roland.ext.sd.dt.multi.timbre.part24.panpot	41DE00481210003708
roland.ext.sd.dt.multi.timbre.part24.coarseTune	41DE00481210003709
roland.ext.sd.dt.multi.timbre.part24.fineTune	41DE0048121000370a
roland.ext.sd.dt.multi.timbre.part24.monoPoly	41DE0048121000370b
roland.ext.sd.dt.multi.timbre.part24.legato	41DE0048121000370c
roland.ext.sd.dt.multi.timbre.part24.pitchRange	41DE0048121000370d
roland.ext.sd.dt.multi.timbre.part24.portamentoSw	41DE0048121000370e
roland.ext.sd.dt.multi.timbre.part24.portamento	41DE0048121000370f
roland.ext.sd.dt.multi.timbre.part24.portamentoSecondByte	41DE00481210003710
roland.ext.sd.dt.multi.timbre.part24.brightness	41DE00481210003711
roland.ext.sd.dt.multi.timbre.part24.resonance	41DE00481210003712
roland.ext.sd.dt.multi.timbre.part24.attackTime	41DE00481210003713
roland.ext.sd.dt.multi.timbre.part24.releaseTime	41DE00481210003714
roland.ext.sd.dt.multi.timbre.part24.octaveShift	41DE00481210003715
roland.ext.sd.dt.multi.timbre.part24.veloSensitivity	41DE00481210003716
roland.ext.sd.dt.multi.timbre.part24.keyRangeLow	41DE00481210003717
roland.ext.sd.dt.multi.timbre.part24.keyRangeHigh	41DE00481210003718
roland.ext.sd.dt.multi.timbre.part24.keyFadeLow	41DE00481210003719
roland.ext.sd.dt.multi.timbre.part24.keyFadeHigh	41DE0048121000371a
roland.ext.sd.dt.multi.timbre.part24.muteSwitch	41DE0048121000371b
roland.ext.sd.dt.multi.timbre.part24.dry	41DE0048121000371c
roland.ext.sd.dt.multi.timbre.part24.chorus	41DE0048121000371d
roland.ext.sd.dt.multi.timbre.part24.reverb	41DE0048121000371e
roland.ext.sd.dt.multi.timbre.part24.outputAssign	41DE0048121000371f
roland.ext.sd.dt.multi.timbre.part24.mfxSlot	41DE00481210003720
roland.ext.sd.dt.multi.timbre.part24.decayTime	41DE00481210003721
roland.ext.sd.dt.multi.timbre.part24.vibratoRate	41DE00481210003722
roland.ext.sd.dt.multi.timbre.part24.vibratoDepth	41DE00481210003723
roland.ext.sd.dt.multi.timbre.part24.vibratoDelay	41DE00481210003724
roland.ext.sd.dt.multi.timbre.part24.modDepth	41DE00481210003725
roland.ext.sd.dt.multi.timbre.part24.patPitch	41DE00481210003726
roland.ext.sd.dt.multi.timbre.part24.patBrightness	41DE00481210003727
roland.ext.sd.dt.multi.timbre.part24.patAmplitude	41DE00481210003728
roland.ext.sd.dt.multi.timbre.part24.patPitchDepth	41DE00481210003729
roland.ext.sd.dt.multi.timbre.part24.patFilterDepth	41DE0048121000372a
roland.ext.sd.dt.multi.timbre.part24.patAmplitudeDepth	41DE0048121000372b
roland.ext.sd.dt.multi.timbre.part24.ccNumber	41DE0048121000372c
roland.ext.sd.dt.multi.timbre.part24.ccPitch	41DE0048121000372d
roland.ext.sd.dt.multi.timbre.part24.ccBrightness	41DE0048121000372e
roland.ext.sd.dt.multi.timbre.part24.ccAmplitude	41DE0048121000372f
roland.ext.sd.dt.multi.timbre.part24.ccPitchDepth	41DE00481210003730
roland.ext.sd.dt.multi.timbre.part24.ccFilterDepth	41DE00481210003731
roland.ext.sd.dt.multi.timbre.part24.ccAmplitudeDepth	41DE00481210003732
roland.ext.sd.dt.multi.timbre.part24.scaleTune0	41DE00481210003733
roland.ext.sd.dt.multi.timbre.part24.scaleTune1	41DE00481210003734
roland.ext.sd.dt.multi.timbre.part24.scaleTune2	41DE00481210003735
roland.ext.sd.dt.multi.timbre.part24.scaleTune3	41DE00481210003736
roland.ext.sd.dt.multi.timbre.part24.scaleTune4	41DE00481210003737
roland.ext.sd.dt.multi.timbre.part24.scaleTune5	41DE00481210003738
roland.ext.sd.dt.multi.timbre.part24.scaleTune6	41DE00481210003739
roland.ext.sd.dt.multi.timbre.part24.scaleTune7	41DE0048121000373a
roland.ext.sd.dt.multi.timbre.part24.scaleTune8	41DE0048121000373b
roland.ext.sd.dt.multi.timbre.part24.scaleTune9	41DE0048121000373c
roland.ext.sd.dt.multi.timbre.part24.scaleTune10	41DE0048121000373d
roland.ext.sd.dt.multi.timbre.part24.scaleTune11	41DE0048121000373e
roland.ext.sd.dt.multi.timbre.part24.sdGm2Set	41DE0048121000373f
roland.ext.sd.dt.multi.timbre.part25	41DE004812100038
roland.ext.sd.dt.multi.timbre.part25.rxCh	41DE00481210003800
roland.ext.sd.dt.multi.timbre.part25.rxSwitch	41DE00481210003801
roland.ext.sd.dt.multi.timbre.part25.unknown02	41DE00481210003802
roland.ext.sd.dt.multi.timbre.part25.rxPort	41DE00481210003803
roland.ext.sd.dt.multi.timbre.part25.bankMsb	41DE00481210003804
roland.ext.sd.dt.multi.timbre.part25.bankLsb	41DE00481210003805
roland.ext.sd.dt.multi.timbre.part25.program	41DE00481210003806
roland.ext.sd.dt.multi.timbre.part25.volume	41DE00481210003807
roland.ext.sd.dt.multi.timbre.part25.panpot	41DE00481210003808
roland.ext.sd.dt.multi.timbre.part25.coarseTune	41DE00481210003809
roland.ext.sd.dt.multi.timbre.part25.fineTune	41DE0048121000380a
roland.ext.sd.dt.multi.timbre.part25.monoPoly	41DE0048121000380b
roland.ext.sd.dt.multi.timbre.part25.legato	41DE0048121000380c
roland.ext.sd.dt.multi.timbre.part25.pitchRange	41DE0048121000380d
roland.ext.sd.dt.multi.timbre.part25.portamentoSw	41DE0048121000380e
roland.ext.sd.dt.multi.timbre.part25.portamento	41DE0048121000380f
roland.ext.sd.dt.multi.timbre.part25.portamentoSecondByte	41DE00481210003810
roland.ext.sd.dt.multi.timbre.part25.brightness	41DE00481210003811
roland.ext.sd.dt.multi.timbre.part25.resonance	41DE00481210003812
roland.ext.sd.dt.multi.timbre.part25.attackTime	41DE00481210003813
roland.ext.sd.dt.multi.timbre.part25.releaseTime	41DE00481210003814
roland.ext.sd.dt.multi.timbre.part25.octaveShift	41DE00481210003815
roland.ext.sd.dt.multi.timbre.part25.veloSensitivity	41DE00481210003816
roland.ext.sd.dt.multi.timbre.part25.keyRangeLow	41DE00481210003817
roland.ext.sd.dt.multi.timbre.part25.keyRangeHigh	41DE00481210003818
roland.ext.sd.dt.multi.timbre.part25.keyFadeLow	41DE00481210003819
roland.ext.sd.dt.multi.timbre.part25.keyFadeHigh	41DE0048121000381a
roland.ext.sd.dt.multi.timbre.part25.muteSwitch	41DE0048121000381b
roland.ext.sd.dt.multi.timbre.part25.dry	41DE0048121000381c
roland.ext.sd.dt.multi.timbre.part25.chorus	41DE0048121000381d
roland.ext.sd.dt.multi.timbre.part25.reverb	41DE0048121000381e
roland.ext.sd.dt.multi.timbre.part25.outputAssign	41DE0048121000381f
roland.ext.sd.dt.multi.timbre.part25.mfxSlot	41DE00481210003820
roland.ext.sd.dt.multi.timbre.part25.decayTime	41DE00481210003821
roland.ext.sd.dt.multi.timbre.part25.vibratoRate	41DE00481210003822
roland.ext.sd.dt.multi.timbre.part25.vibratoDepth	41DE00481210003823
roland.ext.sd.dt.multi.timbre.part25.vibratoDelay	41DE00481210003824
roland.ext.sd.dt.multi.timbre.part25.modDepth	41DE00481210003825
roland.ext.sd.dt.multi.timbre.part25.patPitch	41DE00481210003826
roland.ext.sd.dt.multi.timbre.part25.patBrightness	41DE00481210003827
roland.ext.sd.dt.multi.timbre.part25.patAmplitude	41DE00481210003828
roland.ext.sd.dt.multi.timbre.part25.patPitchDepth	41DE00481210003829
roland.ext.sd.dt.multi.timbre.part25.patFilterDepth	41DE0048121000382a
roland.ext.sd.dt.multi.timbre.part25.patAmplitudeDepth	41DE0048121000382b
roland.ext.sd.dt.multi.timbre.part25.ccNumber	41DE0048121000382c
roland.ext.sd.dt.multi.timbre.part25.ccPitch	41DE0048121000382d
roland.ext.sd.dt.multi.timbre.part25.ccBrightness	41DE0048121000382e
roland.ext.sd.dt.multi.timbre.part25.ccAmplitude	41DE0048121000382f
roland.ext.sd.dt.multi.timbre.part25.ccPitchDepth	41DE00481210003830
roland.ext.sd.dt.multi.timbre.part25.ccFilterDepth	41DE00481210003831
roland.ext.sd.dt.multi.timbre.part25.ccAmplitudeDepth	41DE00481210003832
roland.ext.sd.dt.multi.timbre.part25.scaleTune0	41DE00481210003833
roland.ext.sd.dt.multi.timbre.part25.scaleTune1	41DE00481210003834
roland.ext.sd.dt.multi.timbre.part25.scaleTune2	41DE00481210003835
roland.ext.sd.dt.multi.timbre.part25.scaleTune3	41DE00481210003836
roland.ext.sd.dt.multi.timbre.part25.scaleTune4	41DE00481210003837
roland.ext.sd.dt.multi.timbre.part25.scaleTune5	41DE00481210003838
roland.ext.sd.dt.multi.timbre.part25.scaleTune6	41DE00481210003839
roland.ext.sd.dt.multi.timbre.part25.scaleTune7	41DE0048121000383a
roland.ext.sd.dt.multi.timbre.part25.scaleTune8	41DE0048121000383b
roland.ext.sd.dt.multi.timbre.part25.scaleTune9	41DE0048121000383c
roland.ext.sd.dt.multi.timbre.part25.scaleTune10	41DE0048121000383d
roland.ext.sd.dt.multi.timbre.part25.scaleTune11	41DE0048121000383e
roland.ext.sd.dt.multi.timbre.part25.sdGm2Set	41DE0048121000383f
roland.ext.sd.dt.multi.timbre.part26	41DE004812100039
roland.ext.sd.dt.multi.timbre.part26.rxCh	41DE00481210003900
roland.ext.sd.dt.multi.timbre.part26.rxSwitch	41DE00481210003901
roland.ext.sd.dt.multi.timbre.part26.unknown02	41DE00481210003902
roland.ext.sd.dt.multi.timbre.part26.rxPort	41DE00481210003903
roland.ext.sd.dt.multi.timbre.part26.bankMsb	41DE00481210003904
roland.ext.sd.dt.multi.timbre.part26.bankLsb	41DE00481210003905
roland.ext.sd.dt.multi.timbre.part26.program	41DE00481210003906
roland.ext.sd.dt.multi.timbre.part26.volume	41DE00481210003907
roland.ext.sd.dt.multi.timbre.part26.panpot	41DE00481210003908
roland.ext.sd.dt.multi.timbre.part26.coarseTune	41DE00481210003909
roland.ext.sd.dt.multi.timbre.part26.fineTune	41DE0048121000390a
roland.ext.sd.dt.multi.timbre.part26.monoPoly	41DE0048121000390b
roland.ext.sd.dt.multi.timbre.part26.legato	41DE0048121000390c
roland.ext.sd.dt.multi.timbre.part26.pitchRange	41DE0048121000390d
roland.ext.sd.dt.multi.timbre.part26.portamentoSw	41DE0048121000390e
roland.ext.sd.dt.multi.timbre.part26.portamento	41DE0048121000390f
roland.ext.sd.dt.multi.timbre.part26.portamentoSecondByte	41DE00481210003910
roland.ext.sd.dt.multi.timbre.part26.brightness	41DE00481210003911
roland.ext.sd.dt.multi.timbre.part26.resonance	41DE00481210003912
roland.ext.sd.dt.multi.timbre.part26.attackTime	41DE00481210003913
roland.ext.sd.dt.multi.timbre.part26.releaseTime	41DE00481210003914
roland.ext.sd.dt.multi.timbre.part26.octaveShift	41DE00481210003915
roland.ext.sd.dt.multi.timbre.part26.veloSensitivity	41DE00481210003916
roland.ext.sd.dt.multi.timbre.part26.keyRangeLow	41DE00481210003917
roland.ext.sd.dt.multi.timbre.part26.keyRangeHigh	41DE00481210003918
roland.ext.sd.dt.multi.timbre.part26.keyFadeLow	41DE00481210003919
roland.ext.sd.dt.multi.timbre.part26.keyFadeHigh	41DE0048121000391a
roland.ext.sd.dt.multi.timbre.part26.muteSwitch	41DE0048121000391b
roland.ext.sd.dt.multi.timbre.part26.dry	41DE0048121000391c
roland.ext.sd.dt.multi.timbre.part26.chorus	41DE0048121000391d
roland.ext.sd.dt.multi.timbre.part26.reverb	41DE0048121000391e
roland.ext.sd.dt.multi.timbre.part26.outputAssign	41DE0048121000391f
roland.ext.sd.dt.multi.timbre.part26.mfxSlot	41DE00481210003920
roland.ext.sd.dt.multi.timbre.part26.decayTime	41DE00481210003921
roland.ext.sd.dt.multi.timbre.part26.vibratoRate	41DE00481210003922
roland.ext.sd.dt.multi.timbre.part26.vibratoDepth	41DE00481210003923
roland.ext.sd.dt.multi.timbre.part26.vibratoDelay	41DE00481210003924
roland.ext.sd.dt.multi.timbre.part26.modDepth	41DE00481210003925
roland.ext.sd.dt.multi.timbre.part26.patPitch	41DE00481210003926
roland.ext.sd.dt.multi.timbre.part26.patBrightness	41DE00481210003927
roland.ext.sd.dt.multi.timbre.part26.patAmplitude	41DE00481210003928
roland.ext.sd.dt.multi.timbre.part26.patPitchDepth	41DE00481210003929
roland.ext.sd.dt.multi.timbre.part26.patFilterDepth	41DE0048121000392a
roland.ext.sd.dt.multi.timbre.part26.patAmplitudeDepth	41DE0048121000392b
roland.ext.sd.dt.multi.timbre.part26.ccNumber	41DE0048121000392c
roland.ext.sd.dt.multi.timbre.part26.ccPitch	41DE0048121000392d
roland.ext.sd.dt.multi.timbre.part26.ccBrightness	41DE0048121000392e
roland.ext.sd.dt.multi.timbre.part26.ccAmplitude	41DE0048121000392f
roland.ext.sd.dt.multi.timbre.part26.ccPitchDepth	41DE00481210003930
roland.ext.sd.dt.multi.timbre.part26.ccFilterDepth	41DE00481210003931
roland.ext.sd.dt.multi.timbre.part26.ccAmplitudeDepth	41DE00481210003932
roland.ext.sd.dt.multi.timbre.part26.scaleTune0	41DE00481210003933
roland.ext.sd.dt.multi.timbre.part26.scaleTune1	41DE00481210003934
roland.ext.sd.dt.multi.timbre.part26.scaleTune2	41DE00481210003935
roland.ext.sd.dt.multi.timbre.part26.scaleTune3	41DE00481210003936
roland.ext.sd.dt.multi.timbre.part26.scaleTune4	41DE00481210003937
roland.ext.sd.dt.multi.timbre.part26.scaleTune5	41DE00481210003938
roland.ext.sd.dt.multi.timbre.part26.scaleTune6	41DE00481210003939
roland.ext.sd.dt.multi.timbre.part26.scaleTune7	41DE0048121000393a
roland.ext.sd.dt.multi.timbre.part26.scaleTune8	41DE0048121000393b
roland.ext.sd.dt.multi.timbre.part26.scaleTune9	41DE0048121000393c
roland.ext.sd.dt.multi.timbre.part26.scaleTune10	41DE0048121000393d
roland.ext.sd.dt.multi.timbre.part26.scaleTune11	41DE0048121000393e
roland.ext.sd.dt.multi.timbre.part26.sdGm2Set	41DE0048121000393f
roland.ext.sd.dt.multi.timbre.part27	41DE00481210003a
roland.ext.sd.dt.multi.timbre.part27.rxCh	41DE00481210003a00
roland.ext.sd.dt.multi.timbre.part27.rxSwitch	41DE00481210003a01
roland.ext.sd.dt.multi.timbre.part27.unknown02	41DE00481210003a02
roland.ext.sd.dt.multi.timbre.part27.rxPort	41DE00481210003a03
roland.ext.sd.dt.multi.timbre.part27.bankMsb	41DE00481210003a04
roland.ext.sd.dt.multi.timbre.part27.bankLsb	41DE00481210003a05
roland.ext.sd.dt.multi.timbre.part27.program	41DE00481210003a06
roland.ext.sd.dt.multi.timbre.part27.volume	41DE00481210003a07
roland.ext.sd.dt.multi.timbre.part27.panpot	41DE00481210003a08
roland.ext.sd.dt.multi.timbre.part27.coarseTune	41DE00481210003a09
roland.ext.sd.dt.multi.timbre.part27.fineTune	41DE00481210003a0a
roland.ext.sd.dt.multi.timbre.part27.monoPoly	41DE00481210003a0b
roland.ext.sd.dt.multi.timbre.part27.legato	41DE00481210003a0c
roland.ext.sd.dt.multi.timbre.part27.pitchRange	41DE00481210003a0d
roland.ext.sd.dt.multi.timbre.part27.portamentoSw	41DE00481210003a0e
roland.ext.sd.dt.multi.timbre.part27.portamento	41DE00481210003a0f
roland.ext.sd.dt.multi.timbre.part27.portamentoSecondByte	41DE00481210003a10
roland.ext.sd.dt.multi.timbre.part27.brightness	41DE00481210003a11
roland.ext.sd.dt.multi.timbre.part27.resonance	41DE00481210003a12
roland.ext.sd.dt.multi.timbre.part27.attackTime	41DE00481210003a13
roland.ext.sd.dt.multi.timbre.part27.releaseTime	41DE00481210003a14
roland.ext.sd.dt.multi.timbre.part27.octaveShift	41DE00481210003a15
roland.ext.sd.dt.multi.timbre.part27.veloSensitivity	41DE00481210003a16
roland.ext.sd.dt.multi.timbre.part27.keyRangeLow	41DE00481210003a17
roland.ext.sd.dt.multi.timbre.part27.keyRangeHigh	41DE00481210003a18
roland.ext.sd.dt.multi.timbre.part27.keyFadeLow	41DE00481210003a19
roland.ext.sd.dt.multi.timbre.part27.keyFadeHigh	41DE00481210003a1a
roland.ext.sd.dt.multi.timbre.part27.muteSwitch	41DE00481210003a1b
roland.ext.sd.dt.multi.timbre.part27.dry	41DE00481210003a1c
roland.ext.sd.dt.multi.timbre.part27.chorus	41DE00481210003a1d
roland.ext.sd.dt.multi.timbre.part27.reverb	41DE00481210003a1e
roland.ext.sd.dt.multi.timbre.part27.outputAssign	41DE00481210003a1f
roland.ext.sd.dt.multi.timbre.part27.mfxSlot	41DE00481210003a20
roland.ext.sd.dt.multi.timbre.part27.decayTime	41DE00481210003a21
roland.ext.sd.dt.multi.timbre.part27.vibratoRate	41DE00481210003a22
roland.ext.sd.dt.multi.timbre.part27.vibratoDepth	41DE00481210003a23
roland.ext.sd.dt.multi.timbre.part27.vibratoDelay	41DE00481210003a24
roland.ext.sd.dt.multi.timbre.part27.modDepth	41DE00481210003a25
roland.ext.sd.dt.multi.timbre.part27.patPitch	41DE00481210003a26
roland.ext.sd.dt.multi.timbre.part27.patBrightness	41DE00481210003a27
roland.ext.sd.dt.multi.timbre.part27.patAmplitude	41DE00481210003a28
roland.ext.sd.dt.multi.timbre.part27.patPitchDepth	41DE00481210003a29
roland.ext.sd.dt.multi.timbre.part27.patFilterDepth	41DE00481210003a2a
roland.ext.sd.dt.multi.timbre.part27.patAmplitudeDepth	41DE00481210003a2b
roland.ext.sd.dt.multi.timbre.part27.ccNumber	41DE00481210003a2c
roland.ext.sd.dt.multi.timbre.part27.ccPitch	41DE00481210003a2d
roland.ext.sd.dt.multi.timbre.part27.ccBrightness	41DE00481210003a2e
roland.ext.sd.dt.multi.timbre.part27.ccAmplitude	41DE00481210003a2f
roland.ext.sd.dt.multi.timbre.part27.ccPitchDepth	41DE00481210003a30
roland.ext.sd.dt.multi.timbre.part27.ccFilterDepth	41DE00481210003a31
roland.ext.sd.dt.multi.timbre.part27.ccAmplitudeDepth	41DE00481210003a32
roland.ext.sd.dt.multi.timbre.part27.scaleTune0	41DE00481210003a33
roland.ext.sd.dt.multi.timbre.part27.scaleTune1	41DE00481210003a34
roland.ext.sd.dt.multi.timbre.part27.scaleTune2	41DE00481210003a35
roland.ext.sd.dt.multi.timbre.part27.scaleTune3	41DE00481210003a36
roland.ext.sd.dt.multi.timbre.part27.scaleTune4	41DE00481210003a37
roland.ext.sd.dt.multi.timbre.part27.scaleTune5	41DE00481210003a38
roland.ext.sd.dt.multi.timbre.part27.scaleTune6	41DE00481210003a39
roland.ext.sd.dt.multi.timbre.part27.scaleTune7	41DE00481210003a3a
roland.ext.sd.dt.multi.timbre.part27.scaleTune8	41DE00481210003a3b
roland.ext.sd.dt.multi.timbre.part27.scaleTune9	41DE00481210003a3c
roland.ext.sd.dt.multi.timbre.part27.scaleTune10	41DE00481210003a3d
roland.ext.sd.dt.multi.timbre.part27.scaleTune11	41DE00481210003a3e
roland.ext.sd.dt.multi.timbre.part27.sdGm2Set	41DE00481210003a3f
roland.ext.sd.dt.multi.timbre.part28	41DE00481210003b
roland.ext.sd.dt.multi.timbre.part28.rxCh	41DE00481210003b00
roland.ext.sd.dt.multi.timbre.part28.rxSwitch	41DE00481210003b01
roland.ext.sd.dt.multi.timbre.part28.unknown02	41DE00481210003b02
roland.ext.sd.dt.multi.timbre.part28.rxPort	41DE00481210003b03
roland.ext.sd.dt.multi.timbre.part28.bankMsb	41DE00481210003b04
roland.ext.sd.dt.multi.timbre.part28.bankLsb	41DE00481210003b05
roland.ext.sd.dt.multi.timbre.part28.program	41DE00481210003b06
roland.ext.sd.dt.multi.timbre.part28.volume	41DE00481210003b07
roland.ext.sd.dt.multi.timbre.part28.panpot	41DE00481210003b08
roland.ext.sd.dt.multi.timbre.part28.coarseTune	41DE00481210003b09
roland.ext.sd.dt.multi.timbre.part28.fineTune	41DE00481210003b0a
roland.ext.sd.dt.multi.timbre.part28.monoPoly	41DE00481210003b0b
roland.ext.sd.dt.multi.timbre.part28.legato	41DE00481210003b0c
roland.ext.sd.dt.multi.timbre.part28.pitchRange	41DE00481210003b0d
roland.ext.sd.dt.multi.timbre.part28.portamentoSw	41DE00481210003b0e
roland.ext.sd.dt.multi.timbre.part28.portamento	41DE00481210003b0f
roland.ext.sd.dt.multi.timbre.part28.portamentoSecondByte	41DE00481210003b10
roland.ext.sd.dt.multi.timbre.part28.brightness	41DE00481210003b11
roland.ext.sd.dt.multi.timbre.part28.resonance	41DE00481210003b12
roland.ext.sd.dt.multi.timbre.part28.attackTime	41DE00481210003b13
roland.ext.sd.dt.multi.timbre.part28.releaseTime	41DE00481210003b14
roland.ext.sd.dt.multi.timbre.part28.octaveShift	41DE00481210003b15
roland.ext.sd.dt.multi.timbre.part28.veloSensitivity	41DE00481210003b16
roland.ext.sd.dt.multi.timbre.part28.keyRangeLow	41DE00481210003b17
roland.ext.sd.dt.multi.timbre.part28.keyRangeHigh	41DE00481210003b18
roland.ext.sd.dt.multi.timbre.part28.keyFadeLow	41DE00481210003b19
roland.ext.sd.dt.multi.timbre.part28.keyFadeHigh	41DE00481210003b1a
roland.ext.sd.dt.multi.timbre.part28.muteSwitch	41DE00481210003b1b
roland.ext.sd.dt.multi.timbre.part28.dry	41DE00481210003b1c
roland.ext.sd.dt.multi.timbre.part28.chorus	41DE00481210003b1d
roland.ext.sd.dt.multi.timbre.part28.reverb	41DE00481210003b1e
roland.ext.sd.dt.multi.timbre.part28.outputAssign	41DE00481210003b1f
roland.ext.sd.dt.multi.timbre.part28.mfxSlot	41DE00481210003b20
roland.ext.sd.dt.multi.timbre.part28.decayTime	41DE00481210003b21
roland.ext.sd.dt.multi.timbre.part28.vibratoRate	41DE00481210003b22
roland.ext.sd.dt.multi.timbre.part28.vibratoDepth	41DE00481210003b23
roland.ext.sd.dt.multi.timbre.part28.vibratoDelay	41DE00481210003b24
roland.ext.sd.dt.multi.timbre.part28.modDepth	41DE00481210003b25
roland.ext.sd.dt.multi.timbre.part28.patPitch	41DE00481210003b26
roland.ext.sd.dt.multi.timbre.part28.patBrightness	41DE00481210003b27
roland.ext.sd.dt.multi.timbre.part28.patAmplitude	41DE00481210003b28
roland.ext.sd.dt.multi.timbre.part28.patPitchDepth	41DE00481210003b29
roland.ext.sd.dt.multi.timbre.part28.patFilterDepth	41DE00481210003b2a
roland.ext.sd.dt.multi.timbre.part28.patAmplitudeDepth	41DE00481210003b2b
roland.ext.sd.dt.multi.timbre.part28.ccNumber	41DE00481210003b2c
roland.ext.sd.dt.multi.timbre.part28.ccPitch	41DE00481210003b2d
roland.ext.sd.dt.multi.timbre.part28.ccBrightness	41DE00481210003b2e
roland.ext.sd.dt.multi.timbre.part28.ccAmplitude	41DE00481210003b2f
roland.ext.sd.dt.multi.timbre.part28.ccPitchDepth	41DE00481210003b30
roland.ext.sd.dt.multi.timbre.part28.ccFilterDepth	41DE00481210003b31
roland.ext.sd.dt.multi.timbre.part28.ccAmplitudeDepth	41DE00481210003b32
roland.ext.sd.dt.multi.timbre.part28.scaleTune0	41DE00481210003b33
roland.ext.sd.dt.multi.timbre.part28.scaleTune1	41DE00481210003b34
roland.ext.sd.dt.multi.timbre.part28.scaleTune2	41DE00481210003b35
roland.ext.sd.dt.multi.timbre.part28.scaleTune3	41DE00481210003b36
roland.ext.sd.dt.multi.timbre.part28.scaleTune4	41DE00481210003b37
roland.ext.sd.dt.multi.timbre.part28.scaleTune5	41DE00481210003b38
roland.ext.sd.dt.multi.timbre.part28.scaleTune6	41DE00481210003b39
roland.ext.sd.dt.multi.timbre.part28.scaleTune7	41DE00481210003b3a
roland.ext.sd.dt.multi.timbre.part28.scaleTune8	41DE00481210003b3b
roland.ext.sd.dt.multi.timbre.part28.scaleTune9	41DE00481210003b3c
roland.ext.sd.dt.multi.timbre.part28.scaleTune10	41DE00481210003b3d
roland.ext.sd.dt.multi.timbre.part28.scaleTune11	41DE00481210003b3e
roland.ext.sd.dt.multi.timbre.part28.sdGm2Set	41DE00481210003b3f
roland.ext.sd.dt.multi.timbre.part29	41DE00481210003c
roland.ext.sd.dt.multi.timbre.part29.rxCh	41DE00481210003c00
roland.ext.sd.dt.multi.timbre.part29.rxSwitch	41DE00481210003c01
roland.ext.sd.dt.multi.timbre.part29.unknown02	41DE00481210003c02
roland.ext.sd.dt.multi.timbre.part29.rxPort	41DE00481210003c03
roland.ext.sd.dt.multi.timbre.part29.bankMsb	41DE00481210003c04
roland.ext.sd.dt.multi.timbre.part29.bankLsb	41DE00481210003c05
roland.ext.sd.dt.multi.timbre.part29.program	41DE00481210003c06
roland.ext.sd.dt.multi.timbre.part29.volume	41DE00481210003c07
roland.ext.sd.dt.multi.timbre.part29.panpot	41DE00481210003c08
roland.ext.sd.dt.multi.timbre.part29.coarseTune	41DE00481210003c09
roland.ext.sd.dt.multi.timbre.part29.fineTune	41DE00481210003c0a
roland.ext.sd.dt.multi.timbre.part29.monoPoly	41DE00481210003c0b
roland.ext.sd.dt.multi.timbre.part29.legato	41DE00481210003c0c
roland.ext.sd.dt.multi.timbre.part29.pitchRange	41DE00481210003c0d
roland.ext.sd.dt.multi.timbre.part29.portamentoSw	41DE00481210003c0e
roland.ext.sd.dt.multi.timbre.part29.portamento	41DE00481210003c0f
roland.ext.sd.dt.multi.timbre.part29.portamentoSecondByte	41DE00481210003c10
roland.ext.sd.dt.multi.timbre.part29.brightness	41DE00481210003c11
roland.ext.sd.dt.multi.timbre.part29.resonance	41DE00481210003c12
roland.ext.sd.dt.multi.timbre.part29.attackTime	41DE00481210003c13
roland.ext.sd.dt.multi.timbre.part29.releaseTime	41DE00481210003c14
roland.ext.sd.dt.multi.timbre.part29.octaveShift	41DE00481210003c15
roland.ext.sd.dt.multi.timbre.part29.veloSensitivity	41DE00481210003c16
roland.ext.sd.dt.multi.timbre.part29.keyRangeLow	41DE00481210003c17
roland.ext.sd.dt.multi.timbre.part29.keyRangeHigh	41DE00481210003c18
roland.ext.sd.dt.multi.timbre.part29.keyFadeLow	41DE00481210003c19
roland.ext.sd.dt.multi.timbre.part29.keyFadeHigh	41DE00481210003c1a
roland.ext.sd.dt.multi.timbre.part29.muteSwitch	41DE00481210003c1b
roland.ext.sd.dt.multi.timbre.part29.dry	41DE00481210003c1c
roland.ext.sd.dt.multi.timbre.part29.chorus	41DE00481210003c1d
roland.ext.sd.dt.multi.timbre.part29.reverb	41DE00481210003c1e
roland.ext.sd.dt.multi.timbre.part29.outputAssign	41DE00481210003c1f
roland.ext.sd.dt.multi.timbre.part29.mfxSlot	41DE00481210003c20
roland.ext.sd.dt.multi.timbre.part29.decayTime	41DE00481210003c21
roland.ext.sd.dt.multi.timbre.part29.vibratoRate	41DE00481210003c22
roland.ext.sd.dt.multi.timbre.part29.vibratoDepth	41DE00481210003c23
roland.ext.sd.dt.multi.timbre.part29.vibratoDelay	41DE00481210003c24
roland.ext.sd.dt.multi.timbre.part29.modDepth	41DE00481210003c25
roland.ext.sd.dt.multi.timbre.part29.patPitch	41DE00481210003c26
roland.ext.sd.dt.multi.timbre.part29.patBrightness	41DE00481210003c27
roland.ext.sd.dt.multi.timbre.part29.patAmplitude	41DE00481210003c28
roland.ext.sd.dt.multi.timbre.part29.patPitchDepth	41DE00481210003c29
roland.ext.sd.dt.multi.timbre.part29.patFilterDepth	41DE00481210003c2a
roland.ext.sd.dt.multi.timbre.part29.patAmplitudeDepth	41DE00481210003c2b
roland.ext.sd.dt.multi.timbre.part29.ccNumber	41DE00481210003c2c
roland.ext.sd.dt.multi.timbre.part29.ccPitch	41DE00481210003c2d
roland.ext.sd.dt.multi.timbre.part29.ccBrightness	41DE00481210003c2e
roland.ext.sd.dt.multi.timbre.part29.ccAmplitude	41DE00481210003c2f
roland.ext.sd.dt.multi.timbre.part29.ccPitchDepth	41DE00481210003c30
roland.ext.sd.dt.multi.timbre.part29.ccFilterDepth	41DE00481210003c31
roland.ext.sd.dt.multi.timbre.part29.ccAmplitudeDepth	41DE00481210003c32
roland.ext.sd.dt.multi.timbre.part29.scaleTune0	41DE00481210003c33
roland.ext.sd.dt.multi.timbre.part29.scaleTune1	41DE00481210003c34
roland.ext.sd.dt.multi.timbre.part29.scaleTune2	41DE00481210003c35
roland.ext.sd.dt.multi.timbre.part29.scaleTune3	41DE00481210003c36
roland.ext.sd.dt.multi.timbre.part29.scaleTune4	41DE00481210003c37
roland.ext.sd.dt.multi.timbre.part29.scaleTune5	41DE00481210003c38
roland.ext.sd.dt.multi.timbre.part29.scaleTune6	41DE00481210003c39
roland.ext.sd.dt.multi.timbre.part29.scaleTune7	41DE00481210003c3a
roland.ext.sd.dt.multi.timbre.part29.scaleTune8	41DE00481210003c3b
roland.ext.sd.dt.multi.timbre.part29.scaleTune9	41DE00481210003c3c
roland.ext.sd.dt.multi.timbre.part29.scaleTune10	41DE00481210003c3d
roland.ext.sd.dt.multi.timbre.part29.scaleTune11	41DE00481210003c3e
roland.ext.sd.dt.multi.timbre.part29.sdGm2Set	41DE00481210003c3f
roland.ext.sd.dt.multi.timbre.part30	41DE00481210003d
roland.ext.sd.dt.multi.timbre.part30.rxCh	41DE00481210003d00
roland.ext.sd.dt.multi.timbre.part30.rxSwitch	41DE00481210003d01
roland.ext.sd.dt.multi.timbre.part30.unknown02	41DE00481210003d02
roland.ext.sd.dt.multi.timbre.part30.rxPort	41DE00481210003d03
roland.ext.sd.dt.multi.timbre.part30.bankMsb	41DE00481210003d04
roland.ext.sd.dt.multi.timbre.part30.bankLsb	41DE00481210003d05
roland.ext.sd.dt.multi.timbre.part30.program	41DE00481210003d06
roland.ext.sd.dt.multi.timbre.part30.volume	41DE00481210003d07
roland.ext.sd.dt.multi.timbre.part30.panpot	41DE00481210003d08
roland.ext.sd.dt.multi.timbre.part30.coarseTune	41DE00481210003d09
roland.ext.sd.dt.multi.timbre.part30.fineTune	41DE00481210003d0a
roland.ext.sd.dt.multi.timbre.part30.monoPoly	41DE00481210003d0b
roland.ext.sd.dt.multi.timbre.part30.legato	41DE00481210003d0c
roland.ext.sd.dt.multi.timbre.part30.pitchRange	41DE00481210003d0d
roland.ext.sd.dt.multi.timbre.part30.portamentoSw	41DE00481210003d0e
roland.ext.sd.dt.multi.timbre.part30.portamento	41DE00481210003d0f
roland.ext.sd.dt.multi.timbre.part30.portamentoSecondByte	41DE00481210003d10
roland.ext.sd.dt.multi.timbre.part30.brightness	41DE00481210003d11
roland.ext.sd.dt.multi.timbre.part30.resonance	41DE00481210003d12
roland.ext.sd.dt.multi.timbre.part30.attackTime	41DE00481210003d13
roland.ext.sd.dt.multi.timbre.part30.releaseTime	41DE00481210003d14
roland.ext.sd.dt.multi.timbre.part30.octaveShift	41DE00481210003d15
roland.ext.sd.dt.multi.timbre.part30.veloSensitivity	41DE00481210003d16
roland.ext.sd.dt.multi.timbre.part30.keyRangeLow	41DE00481210003d17
roland.ext.sd.dt.multi.timbre.part30.keyRangeHigh	41DE00481210003d18
roland.ext.sd.dt.multi.timbre.part30.keyFadeLow	41DE00481210003d19
roland.ext.sd.dt.multi.timbre.part30.keyFadeHigh	41DE00481210003d1a
roland.ext.sd.dt.multi.timbre.part30.muteSwitch	41DE00481210003d1b
roland.ext.sd.dt.multi.timbre.part30.dry	41DE00481210003d1c
roland.ext.sd.dt.multi.timbre.part30.chorus	41DE00481210003d1d
roland.ext.sd.dt.multi.timbre.part30.reverb	41DE00481210003d1e
roland.ext.sd.dt.multi.timbre.part30.outputAssign	41DE00481210003d1f
roland.ext.sd.dt.multi.timbre.part30.mfxSlot	41DE00481210003d20
roland.ext.sd.dt.multi.timbre.part30.decayTime	41DE00481210003d21
roland.ext.sd.dt.multi.timbre.part30.vibratoRate	41DE00481210003d22
roland.ext.sd.dt.multi.timbre.part30.vibratoDepth	41DE00481210003d23
roland.ext.sd.dt.multi.timbre.part30.vibratoDelay	41DE00481210003d24
roland.ext.sd.dt.multi.timbre.part30.modDepth	41DE00481210003d25
roland.ext.sd.dt.multi.timbre.part30.patPitch	41DE00481210003d26
roland.ext.sd.dt.multi.timbre.part30.patBrightness	41DE00481210003d27
roland.ext.sd.dt.multi.timbre.part30.patAmplitude	41DE00481210003d28
roland.ext.sd.dt.multi.timbre.part30.patPitchDepth	41DE00481210003d29
roland.ext.sd.dt.multi.timbre.part30.patFilterDepth	41DE00481210003d2a
roland.ext.sd.dt.multi.timbre.part30.patAmplitudeDepth	41DE00481210003d2b
roland.ext.sd.dt.multi.timbre.part30.ccNumber	41DE00481210003d2c
roland.ext.sd.dt.multi.timbre.part30.ccPitch	41DE00481210003d2d
roland.ext.sd.dt.multi.timbre.part30.ccBrightness	41DE00481210003d2e
roland.ext.sd.dt.multi.timbre.part30.ccAmplitude	41DE00481210003d2f
roland.ext.sd.dt.multi.timbre.part30.ccPitchDepth	41DE00481210003d30
roland.ext.sd.dt.multi.timbre.part30.ccFilterDepth	41DE00481210003d31
roland.ext.sd.dt.multi.timbre.part30.ccAmplitudeDepth	41DE00481210003d32
roland.ext.sd.dt.multi.timbre.part30.scaleTune0	41DE00481210003d33
roland.ext.sd.dt.multi.timbre.part30.scaleTune1	41DE00481210003d34
roland.ext.sd.dt.multi.timbre.part30.scaleTune2	41DE00481210003d35
roland.ext.sd.dt.multi.timbre.part30.scaleTune3	41DE00481210003d36
roland.ext.sd.dt.multi.timbre.part30.scaleTune4	41DE00481210003d37
roland.ext.sd.dt.multi.timbre.part30.scaleTune5	41DE00481210003d38
roland.ext.sd.dt.multi.timbre.part30.scaleTune6	41DE00481210003d39
roland.ext.sd.dt.multi.timbre.part30.scaleTune7	41DE00481210003d3a
roland.ext.sd.dt.multi.timbre.part30.scaleTune8	41DE00481210003d3b
roland.ext.sd.dt.multi.timbre.part30.scaleTune9	41DE00481210003d3c
roland.ext.sd.dt.multi.timbre.part30.scaleTune10	41DE00481210003d3d
roland.ext.sd.dt.multi.timbre.part30.scaleTune11	41DE00481210003d3e
roland.ext.sd.dt.multi.timbre.part30.sdGm2Set	41DE00481210003d3f
roland.ext.sd.dt.multi.timbre.part31	41DE00481210003e
roland.ext.sd.dt.multi.timbre.part31.rxCh	41DE00481210003e00
roland.ext.sd.dt.multi.timbre.part31.rxSwitch	41DE00481210003e01
roland.ext.sd.dt.multi.timbre.part31.unknown02	41DE00481210003e02
roland.ext.sd.dt.multi.timbre.part31.rxPort	41DE00481210003e03
roland.ext.sd.dt.multi.timbre.part31.bankMsb	41DE00481210003e04
roland.ext.sd.dt.multi.timbre.part31.bankLsb	41DE00481210003e05
roland.ext.sd.dt.multi.timbre.part31.program	41DE00481210003e06
roland.ext.sd.dt.multi.timbre.part31.volume	41DE00481210003e07
roland.ext.sd.dt.multi.timbre.part31.panpot	41DE00481210003e08
roland.ext.sd.dt.multi.timbre.part31.coarseTune	41DE00481210003e09
roland.ext.sd.dt.multi.timbre.part31.fineTune	41DE00481210003e0a
roland.ext.sd.dt.multi.timbre.part31.monoPoly	41DE00481210003e0b
roland.ext.sd.dt.multi.timbre.part31.legato	41DE00481210003e0c
roland.ext.sd.dt.multi.timbre.part31.pitchRange	41DE00481210003e0d
roland.ext.sd.dt.multi.timbre.part31.portamentoSw	41DE00481210003e0e
roland.ext.sd.dt.multi.timbre.part31.portamento	41DE00481210003e0f
roland.ext.sd.dt.multi.timbre.part31.portamentoSecondByte	41DE00481210003e10
roland.ext.sd.dt.multi.timbre.part31.brightness	41DE00481210003e11
roland.ext.sd.dt.multi.timbre.part31.resonance	41DE00481210003e12
roland.ext.sd.dt.multi.timbre.part31.attackTime	41DE00481210003e13
roland.ext.sd.dt.multi.timbre.part31.releaseTime	41DE00481210003e14
roland.ext.sd.dt.multi.timbre.part31.octaveShift	41DE00481210003e15
roland.ext.sd.dt.multi.timbre.part31.veloSensitivity	41DE00481210003e16
roland.ext.sd.dt.multi.timbre.part31.keyRangeLow	41DE00481210003e17
roland.ext.sd.dt.multi.timbre.part31.keyRangeHigh	41DE00481210003e18
roland.ext.sd.dt.multi.timbre.part31.keyFadeLow	41DE00481210003e19
roland.ext.sd.dt.multi.timbre.part31.keyFadeHigh	41DE00481210003e1a
roland.ext.sd.dt.multi.timbre.part31.muteSwitch	41DE00481210003e1b
roland.ext.sd.dt.multi.timbre.part31.dry	41DE00481210003e1c
roland.ext.sd.dt.multi.timbre.part31.chorus	41DE00481210003e1d
roland.ext.sd.dt.multi.timbre.part31.reverb	41DE00481210003e1e
roland.ext.sd.dt.multi.timbre.part31.outputAssign	41DE00481210003e1f
roland.ext.sd.dt.multi.timbre.part31.mfxSlot	41DE00481210003e20
roland.ext.sd.dt.multi.timbre.part31.decayTime	41DE00481210003e21
roland.ext.sd.dt.multi.timbre.part31.vibratoRate	41DE00481210003e22
roland.ext.sd.dt.multi.timbre.part31.vibratoDepth	41DE00481210003e23
roland.ext.sd.dt.multi.timbre.part31.vibratoDelay	41DE00481210003e24
roland.ext.sd.dt.multi.timbre.part31.modDepth	41DE00481210003e25
roland.ext.sd.dt.multi.timbre.part31.patPitch	41DE00481210003e26
roland.ext.sd.dt.multi.timbre.part31.patBrightness	41DE00481210003e27
roland.ext.sd.dt.multi.timbre.part31.patAmplitude	41DE00481210003e28
roland.ext.sd.dt.multi.timbre.part31.patPitchDepth	41DE00481210003e29
roland.ext.sd.dt.multi.timbre.part31.patFilterDepth	41DE00481210003e2a
roland.ext.sd.dt.multi.timbre.part31.patAmplitudeDepth	41DE00481210003e2b
roland.ext.sd.dt.multi.timbre.part31.ccNumber	41DE00481210003e2c
roland.ext.sd.dt.multi.timbre.part31.ccPitch	41DE00481210003e2d
roland.ext.sd.dt.multi.timbre.part31.ccBrightness	41DE00481210003e2e
roland.ext.sd.dt.multi.timbre.part31.ccAmplitude	41DE00481210003e2f
roland.ext.sd.dt.multi.timbre.part31.ccPitchDepth	41DE00481210003e30
roland.ext.sd.dt.multi.timbre.part31.ccFilterDepth	41DE00481210003e31
roland.ext.sd.dt.multi.timbre.part31.ccAmplitudeDepth	41DE00481210003e32
roland.ext.sd.dt.multi.timbre.part31.scaleTune0	41DE00481210003e33
roland.ext.sd.dt.multi.timbre.part31.scaleTune1	41DE00481210003e34
roland.ext.sd.dt.multi.timbre.part31.scaleTune2	41DE00481210003e35
roland.ext.sd.dt.multi.timbre.part31.scaleTune3	41DE00481210003e36
roland.ext.sd.dt.multi.timbre.part31.scaleTune4	41DE00481210003e37
roland.ext.sd.dt.multi.timbre.part31.scaleTune5	41DE00481210003e38
roland.ext.sd.dt.multi.timbre.part31.scaleTune6	41DE00481210003e39
roland.ext.sd.dt.multi.timbre.part31.scaleTune7	41DE00481210003e3a
roland.ext.sd.dt.multi.timbre.part31.scaleTune8	41DE00481210003e3b
roland.ext.sd.dt.multi.timbre.part31.scaleTune9	41DE00481210003e3c
roland.ext.sd.dt.multi.timbre.part31.scaleTune10	41DE00481210003e3d
roland.ext.sd.dt.multi.timbre.part31.scaleTune11	41DE00481210003e3e
roland.ext.sd.dt.multi.timbre.part31.sdGm2Set	41DE00481210003e3f
roland.ext.sd.dt.multi.timbre.part32	41DE00481210003f
roland.ext.sd.dt.multi.timbre.part32.rxCh	41DE00481210003f00
roland.ext.sd.dt.multi.timbre.part32.rxSwitch	41DE00481210003f01
roland.ext.sd.dt.multi.timbre.part32.unknown02	41DE00481210003f02
roland.ext.sd.dt.multi.timbre.part32.rxPort	41DE00481210003f03
roland.ext.sd.dt.multi.timbre.part32.bankMsb	41DE00481210003f04
roland.ext.sd.dt.multi.timbre.part32.bankLsb	41DE00481210003f05
roland.ext.sd.dt.multi.timbre.part32.program	41DE00481210003f06
roland.ext.sd.dt.multi.timbre.part32.volume	41DE00481210003f07
roland.ext.sd.dt.multi.timbre.part32.panpot	41DE00481210003f08
roland.ext.sd.dt.multi.timbre.part32.coarseTune	41DE00481210003f09
roland.ext.sd.dt.multi.timbre.part32.fineTune	41DE00481210003f0a
roland.ext.sd.dt.multi.timbre.part32.monoPoly	41DE00481210003f0b
roland.ext.sd.dt.multi.timbre.part32.legato	41DE00481210003f0c
roland.ext.sd.dt.multi.timbre.part32.pitchRange	41DE00481210003f0d
roland.ext.sd.dt.multi.timbre.part32.portamentoSw	41DE00481210003f0e
roland.ext.sd.dt.multi.timbre.part32.portamento	41DE00481210003f0f
roland.ext.sd.dt.multi.timbre.part32.portamentoSecondByte	41DE00481210003f10
roland.ext.sd.dt.multi.timbre.part32.brightness	41DE00481210003f11
roland.ext.sd.dt.multi.timbre.part32.resonance	41DE00481210003f12
roland.ext.sd.dt.multi.timbre.part32.attackTime	41DE00481210003f13
roland.ext.sd.dt.multi.timbre.part32.releaseTime	41DE00481210003f14
roland.ext.sd.dt.multi.timbre.part32.octaveShift	41DE00481210003f15
roland.ext.sd.dt.multi.timbre.part32.veloSensitivity	41DE00481210003f16
roland.ext.sd.dt.multi.timbre.part32.keyRangeLow	41DE00481210003f17
roland.ext.sd.dt.multi.timbre.part32.keyRangeHigh	41DE00481210003f18
roland.ext.sd.dt.multi.timbre.part32.keyFadeLow	41DE00481210003f19
roland.ext.sd.dt.multi.timbre.part32.keyFadeHigh	41DE00481210003f1a
roland.ext.sd.dt.multi.timbre.part32.muteSwitch	41DE00481210003f1b
roland.ext.sd.dt.multi.timbre.part32.dry	41DE00481210003f1c
roland.ext.sd.dt.multi.timbre.part32.chorus	41DE00481210003f1d
roland.ext.sd.dt.multi.timbre.part32.reverb	41DE00481210003f1e
roland.ext.sd.dt.multi.timbre.part32.outputAssign	41DE00481210003f1f
roland.ext.sd.dt.multi.timbre.part32.mfxSlot	41DE00481210003f20
roland.ext.sd.dt.multi.timbre.part32.decayTime	41DE00481210003f21
roland.ext.sd.dt.multi.timbre.part32.vibratoRate	41DE00481210003f22
roland.ext.sd.dt.multi.timbre.part32.vibratoDepth	41DE00481210003f23
roland.ext.sd.dt.multi.timbre.part32.vibratoDelay	41DE00481210003f24
roland.ext.sd.dt.multi.timbre.part32.modDepth	41DE00481210003f25
roland.ext.sd.dt.multi.timbre.part32.patPitch	41DE00481210003f26
roland.ext.sd.dt.multi.timbre.part32.patBrightness	41DE00481210003f27
roland.ext.sd.dt.multi.timbre.part32.patAmplitude	41DE00481210003f28
roland.ext.sd.dt.multi.timbre.part32.patPitchDepth	41DE00481210003f29
roland.ext.sd.dt.multi.timbre.part32.patFilterDepth	41DE00481210003f2a
roland.ext.sd.dt.multi.timbre.part32.patAmplitudeDepth	41DE00481210003f2b
roland.ext.sd.dt.multi.timbre.part32.ccNumber	41DE00481210003f2c
roland.ext.sd.dt.multi.timbre.part32.ccPitch	41DE00481210003f2d
roland.ext.sd.dt.multi.timbre.part32.ccBrightness	41DE00481210003f2e
roland.ext.sd.dt.multi.timbre.part32.ccAmplitude	41DE00481210003f2f
roland.ext.sd.dt.multi.timbre.part32.ccPitchDepth	41DE00481210003f30
roland.ext.sd.dt.multi.timbre.part32.ccFilterDepth	41DE00481210003f31
roland.ext.sd.dt.multi.timbre.part32.ccAmplitudeDepth	41DE00481210003f32
roland.ext.sd.dt.multi.timbre.part32.scaleTune0	41DE00481210003f33
roland.ext.sd.dt.multi.timbre.part32.scaleTune1	41DE00481210003f34
roland.ext.sd.dt.multi.timbre.part32.scaleTune2	41DE00481210003f35
roland.ext.sd.dt.multi.timbre.part32.scaleTune3	41DE00481210003f36
roland.ext.sd.dt.multi.timbre.part32.scaleTune4	41DE00481210003f37
roland.ext.sd.dt.multi.timbre.part32.scaleTune5	41DE00481210003f38
roland.ext.sd.dt.multi.timbre.part32.scaleTune6	41DE00481210003f39
roland.ext.sd.dt.multi.timbre.part32.scaleTune7	41DE00481210003f3a
roland.ext.sd.dt.multi.timbre.part32.scaleTune8	41DE00481210003f3b
roland.ext.sd.dt.multi.timbre.part32.scaleTune9	41DE00481210003f3c
roland.ext.sd.dt.multi.timbre.part32.scaleTune10	41DE00481210003f3d
roland.ext.sd.dt.multi.timbre.part32.scaleTune11	41DE00481210003f3e
roland.ext.sd.dt.multi.timbre.part32.sdGm2Set	41DE00481210003f3f
roland.ext.sd.dt.multi.timbre.midiCh1	41DE004812100040
roland.ext.sd.dt.multi.timbre.midiCh1.rxProgram	41DE00481210004000
roland.ext.sd.dt.multi.timbre.midiCh1.rxBank	41DE00481210004001
roland.ext.sd.dt.multi.timbre.midiCh1.rxPitch	41DE00481210004002
roland.ext.sd.dt.multi.timbre.midiCh1.rxNAt	41DE00481210004003
roland.ext.sd.dt.multi.timbre.midiCh1.rxPAt	41DE00481210004004
roland.ext.sd.dt.multi.timbre.midiCh1.rxModulation	41DE00481210004005
roland.ext.sd.dt.multi.timbre.midiCh1.rxVolume	41DE00481210004006
roland.ext.sd.dt.multi.timbre.midiCh1.rxPanpot	41DE00481210004007
roland.ext.sd.dt.multi.timbre.midiCh1.rxExpression	41DE00481210004008
roland.ext.sd.dt.multi.timbre.midiCh1.rxSustain	41DE00481210004009
roland.ext.sd.dt.multi.timbre.midiCh1.phaseLock	41DE0048121000400a
roland.ext.sd.dt.multi.timbre.midiCh1.veloCurveType	41DE0048121000400b
roland.ext.sd.dt.multi.timbre.midiCh2	41DE004812100041
roland.ext.sd.dt.multi.timbre.midiCh2.rxProgram	41DE00481210004100
roland.ext.sd.dt.multi.timbre.midiCh2.rxBank	41DE00481210004101
roland.ext.sd.dt.multi.timbre.midiCh2.rxPitch	41DE00481210004102
roland.ext.sd.dt.multi.timbre.midiCh2.rxNAt	41DE00481210004103
roland.ext.sd.dt.multi.timbre.midiCh2.rxPAt	41DE00481210004104
roland.ext.sd.dt.multi.timbre.midiCh2.rxModulation	41DE00481210004105
roland.ext.sd.dt.multi.timbre.midiCh2.rxVolume	41DE00481210004106
roland.ext.sd.dt.multi.timbre.midiCh2.rxPanpot	41DE00481210004107
roland.ext.sd.dt.multi.timbre.midiCh2.rxExpression	41DE00481210004108
roland.ext.sd.dt.multi.timbre.midiCh2.rxSustain	41DE00481210004109
roland.ext.sd.dt.multi.timbre.midiCh2.phaseLock	41DE0048121000410a
roland.ext.sd.dt.multi.timbre.midiCh2.veloCurveType	41DE0048121000410b
roland.ext.sd.dt.multi.timbre.midiCh3	41DE004812100042
roland.ext.sd.dt.multi.timbre.midiCh3.rxProgram	41DE00481210004200
roland.ext.sd.dt.multi.timbre.midiCh3.rxBank	41DE00481210004201
roland.ext.sd.dt.multi.timbre.midiCh3.rxPitch	41DE00481210004202
roland.ext.sd.dt.multi.timbre.midiCh3.rxNAt	41DE00481210004203
roland.ext.sd.dt.multi.timbre.midiCh3.rxPAt	41DE00481210004204
roland.ext.sd.dt.multi.timbre.midiCh3.rxModulation	41DE00481210004205
roland.ext.sd.dt.multi.timbre.midiCh3.rxVolume	41DE00481210004206
roland.ext.sd.dt.multi.timbre.midiCh3.rxPanpot	41DE00481210004207
roland.ext.sd.dt.multi.timbre.midiCh3.rxExpression	41DE00481210004208
roland.ext.sd.dt.multi.timbre.midiCh3.rxSustain	41DE00481210004209
roland.ext.sd.dt.multi.timbre.midiCh3.phaseLock	41DE0048121000420a
roland.ext.sd.dt.multi.timbre.midiCh3.veloCurveType	41DE0048121000420b
roland.ext.sd.dt.multi.timbre.midiCh4	41DE004812100043
roland.ext.sd.dt.multi.timbre.midiCh4.rxProgram	41DE00481210004300
roland.ext.sd.dt.multi.timbre.midiCh4.rxBank	41DE00481210004301
roland.ext.sd.dt.multi.timbre.midiCh4.rxPitch	41DE00481210004302
roland.ext.sd.dt.multi.timbre.midiCh4.rxNAt	41DE00481210004303
roland.ext.sd.dt.multi.timbre.midiCh4.rxPAt	41DE00481210004304
roland.ext.sd.dt.multi.timbre.midiCh4.rxModulation	41DE00481210004305
roland.ext.sd.dt.multi.timbre.midiCh4.rxVolume	41DE00481210004306
roland.ext.sd.dt.multi.timbre.midiCh4.rxPanpot	41DE00481210004307
roland.ext.sd.dt.multi.timbre.midiCh4.rxExpression	41DE00481210004308
roland.ext.sd.dt.multi.timbre.midiCh4.rxSustain	41DE00481210004309
roland.ext.sd.dt.multi.timbre.midiCh4.phaseLock	41DE0048121000430a
roland.ext.sd.dt.multi.timbre.midiCh4.veloCurveType	41DE0048121000430b
roland.ext.sd.dt.multi.timbre.midiCh5	41DE004812100044
roland.ext.sd.dt.multi.timbre.midiCh5.rxProgram	41DE00481210004400
roland.ext.sd.dt.multi.timbre.midiCh5.rxBank	41DE00481210004401
roland.ext.sd.dt.multi.timbre.midiCh5.rxPitch	41DE00481210004402
roland.ext.sd.dt.multi.timbre.midiCh5.rxNAt	41DE00481210004403
roland.ext.sd.dt.multi.timbre.midiCh5.rxPAt	41DE00481210004404
roland.ext.sd.dt.multi.timbre.midiCh5.rxModulation	41DE00481210004405
roland.ext.sd.dt.multi.timbre.midiCh5.rxVolume	41DE00481210004406
roland.ext.sd.dt.multi.timbre.midiCh5.rxPanpot	41DE00481210004407
roland.ext.sd.dt.multi.timbre.midiCh5.rxExpression	41DE00481210004408
roland.ext.sd.dt.multi.timbre.midiCh5.rxSustain	41DE00481210004409
roland.ext.sd.dt.multi.timbre.midiCh5.phaseLock	41DE0048121000440a
roland.ext.sd.dt.multi.timbre.midiCh5.veloCurveType	41DE0048121000440b
roland.ext.sd.dt.multi.timbre.midiCh6	41DE004812100045
roland.ext.sd.dt.multi.timbre.midiCh6.rxProgram	41DE00481210004500
roland.ext.sd.dt.multi.timbre.midiCh6.rxBank	41DE00481210004501
roland.ext.sd.dt.multi.timbre.midiCh6.rxPitch	41DE00481210004502
roland.ext.sd.dt.multi.timbre.midiCh6.rxNAt	41DE00481210004503
roland.ext.sd.dt.multi.timbre.midiCh6.rxPAt	41DE00481210004504
roland.ext.sd.dt.multi.timbre.midiCh6.rxModulation	41DE00481210004505
roland.ext.sd.dt.multi.timbre.midiCh6.rxVolume	41DE00481210004506
roland.ext.sd.dt.multi.timbre.midiCh6.rxPanpot	41DE00481210004507
roland.ext.sd.dt.multi.timbre.midiCh6.rxExpression	41DE00481210004508
roland.ext.sd.dt.multi.timbre.midiCh6.rxSustain	41DE00481210004509
roland.ext.sd.dt.multi.timbre.midiCh6.phaseLock	41DE0048121000450a
roland.ext.sd.dt.multi.timbre.midiCh6.veloCurveType	41DE0048121000450b
roland.ext.sd.dt.multi.timbre.midiCh7	41DE004812100046
roland.ext.sd.dt.multi.timbre.midiCh7.rxProgram	41DE00481210004600
roland.ext.sd.dt.multi.timbre.midiCh7.rxBank	41DE00481210004601
roland.ext.sd.dt.multi.timbre.midiCh7.rxPitch	41DE00481210004602
roland.ext.sd.dt.multi.timbre.midiCh7.rxNAt	41DE00481210004603
roland.ext.sd.dt.multi.timbre.midiCh7.rxPAt	41DE00481210004604
roland.ext.sd.dt.multi.timbre.midiCh7.rxModulation	41DE00481210004605
roland.ext.sd.dt.multi.timbre.midiCh7.rxVolume	41DE00481210004606
roland.ext.sd.dt.multi.timbre.midiCh7.rxPanpot	41DE00481210004607
roland.ext.sd.dt.multi.timbre.midiCh7.rxExpression	41DE00481210004608
roland.ext.sd.dt.multi.timbre.midiCh7.rxSustain	41DE00481210004609
roland.ext.sd.dt.multi.timbre.midiCh7.phaseLock	41DE0048121000460a
roland.ext.sd.dt.multi.timbre.midiCh7.veloCurveType	41DE0048121000460b
roland.ext.sd.dt.multi.timbre.midiCh8	41DE004812100047
roland.ext.sd.dt.multi.timbre.midiCh8.rxProgram	41DE00481210004700
roland.ext.sd.dt.multi.timbre.midiCh8.rxBank	41DE00481210004701
roland.ext.sd.dt.multi.timbre.midiCh8.rxPitch	41DE00481210004702
roland.ext.sd.dt.multi.timbre.midiCh8.rxNAt	41DE00481210004703
roland.ext.sd.dt.multi.timbre.midiCh8.rxPAt	41DE00481210004704
roland.ext.sd.dt.multi.timbre.midiCh8.rxModulation	41DE00481210004705
roland.ext.sd.dt.multi.timbre.midiCh8.rxVolume	41DE00481210004706
roland.ext.sd.dt.multi.timbre.midiCh8.rxPanpot	41DE00481210004707
roland.ext.sd.dt.multi.timbre.midiCh8.rxExpression	41DE00481210004708
roland.ext.sd.dt.multi.timbre.midiCh8.rxSustain	41DE00481210004709
roland.ext.sd.dt.multi.timbre.midiCh8.phaseLock	41DE0048121000470a
roland.ext.sd.dt.multi.timbre.midiCh8.veloCurveType	41DE0048121000470b
roland.ext.sd.dt.multi.timbre.midiCh9	41DE004812100048
roland.ext.sd.dt.multi.timbre.midiCh9.rxProgram	41DE00481210004800
roland.ext.sd.dt.multi.timbre.midiCh9.rxBank	41DE00481210004801
roland.ext.sd.dt.multi.timbre.midiCh9.rxPitch	41DE00481210004802
roland.ext.sd.dt.multi.timbre.midiCh9.rxNAt	41DE00481210004803
roland.ext.sd.dt.multi.timbre.midiCh9.rxPAt	41DE00481210004804
roland.ext.sd.dt.multi.timbre.midiCh9.rxModulation	41DE00481210004805
roland.ext.sd.dt.multi.timbre.midiCh9.rxVolume	41DE00481210004806
roland.ext.sd.dt.multi.timbre.midiCh9.rxPanpot	41DE00481210004807
roland.ext.sd.dt.multi.timbre.midiCh9.rxExpression	41DE00481210004808
roland.ext.sd.dt.multi.timbre.midiCh9.rxSustain	41DE00481210004809
roland.ext.sd.dt.multi.timbre.midiCh9.phaseLock	41DE0048121000480a
roland.ext.sd.dt.multi.timbre.midiCh9.veloCurveType	41DE0048121000480b
roland.ext.sd.dt.multi.timbre.midiCh10	41DE004812100049
roland.ext.sd.dt.multi.timbre.midiCh10.rxProgram	41DE00481210004900
roland.ext.sd.dt.multi.timbre.midiCh10.rxBank	41DE00481210004901
roland.ext.sd.dt.multi.timbre.midiCh10.rxPitch	41DE00481210004902
roland.ext.sd.dt.multi.timbre.midiCh10.rxNAt	41DE00481210004903
roland.ext.sd.dt.multi.timbre.midiCh10.rxPAt	41DE00481210004904
roland.ext.sd.dt.multi.timbre.midiCh10.rxModulation	41DE00481210004905
roland.ext.sd.dt.multi.timbre.midiCh10.rxVolume	41DE00481210004906
roland.ext.sd.dt.multi.timbre.midiCh10.rxPanpot	41DE00481210004907
roland.ext.sd.dt.multi.timbre.midiCh10.rxExpression	41DE00481210004908
roland.ext.sd.dt.multi.timbre.midiCh10.rxSustain	41DE00481210004909
roland.ext.sd.dt.multi.timbre.midiCh10.phaseLock	41DE0048121000490a
roland.ext.sd.dt.multi.timbre.midiCh10.veloCurveType	41DE0048121000490b
roland.ext.sd.dt.multi.timbre.midiCh11	41DE00481210004a
roland.ext.sd.dt.multi.timbre.midiCh11.rxProgram	41DE00481210004a00
roland.ext.sd.dt.multi.timbre.midiCh11.rxBank	41DE00481210004a01
roland.ext.sd.dt.multi.timbre.midiCh11.rxPitch	41DE00481210004a02
roland.ext.sd.dt.multi.timbre.midiCh11.rxNAt	41DE00481210004a03
roland.ext.sd.dt.multi.timbre.midiCh11.rxPAt	41DE00481210004a04
roland.ext.sd.dt.multi.timbre.midiCh11.rxModulation	41DE00481210004a05
roland.ext.sd.dt.multi.timbre.midiCh11.rxVolume	41DE00481210004a06
roland.ext.sd.dt.multi.timbre.midiCh11.rxPanpot	41DE00481210004a07
roland.ext.sd.dt.multi.timbre.midiCh11.rxExpression	41DE00481210004a08
roland.ext.sd.dt.multi.timbre.midiCh11.rxSustain	41DE00481210004a09
roland.ext.sd.dt.multi.timbre.midiCh11.phaseLock	41DE00481210004a0a
roland.ext.sd.dt.multi.timbre.midiCh11.veloCurveType	41DE00481210004a0b
roland.ext.sd.dt.multi.timbre.midiCh12	41DE00481210004b
roland.ext.sd.dt.multi.timbre.midiCh12.rxProgram	41DE00481210004b00
roland.ext.sd.dt.multi.timbre.midiCh12.rxBank	41DE00481210004b01
roland.ext.sd.dt.multi.timbre.midiCh12.rxPitch	41DE00481210004b02
roland.ext.sd.dt.multi.timbre.midiCh12.rxNAt	41DE00481210004b03
roland.ext.sd.dt.multi.timbre.midiCh12.rxPAt	41DE00481210004b04
roland.ext.sd.dt.multi.timbre.midiCh12.rxModulation	41DE00481210004b05
roland.ext.sd.dt.multi.timbre.midiCh12.rxVolume	41DE00481210004b06
roland.ext.sd.dt.multi.timbre.midiCh12.rxPanpot	41DE00481210004b07
roland.ext.sd.dt.multi.timbre.midiCh12.rxExpression	41DE00481210004b08
roland.ext.sd.dt.multi.timbre.midiCh12.rxSustain	41DE00481210004b09
roland.ext.sd.dt.multi.timbre.midiCh12.phaseLock	41DE00481210004b0a
roland.ext.sd.dt.multi.timbre.midiCh12.veloCurveType	41DE00481210004b0b
roland.ext.sd.dt.multi.timbre.midiCh13	41DE00481210004c
roland.ext.sd.dt.multi.timbre.midiCh13.rxProgram	41DE00481210004c00
roland.ext.sd.dt.multi.timbre.midiCh13.rxBank	41DE00481210004c01
roland.ext.sd.dt.multi.timbre.midiCh13.rxPitch	41DE00481210004c02
roland.ext.sd.dt.multi.timbre.midiCh13.rxNAt	41DE00481210004c03
roland.ext.sd.dt.multi.timbre.midiCh13.rxPAt	41DE00481210004c04
roland.ext.sd.dt.multi.timbre.midiCh13.rxModulation	41DE00481210004c05
roland.ext.sd.dt.multi.timbre.midiCh13.rxVolume	41DE00481210004c06
roland.ext.sd.dt.multi.timbre.midiCh13.rxPanpot	41DE00481210004c07
roland.ext.sd.dt.multi.timbre.midiCh13.rxExpression	41DE00481210004c08
roland.ext.sd.dt.multi.timbre.midiCh13.rxSustain	41DE00481210004c09
roland.ext.sd.dt.multi.timbre.midiCh13.phaseLock	41DE00481210004c0a
roland.ext.sd.dt.multi.timbre.midiCh13.veloCurveType	41DE00481210004c0b
roland.ext.sd.dt.multi.timbre.midiCh14	41DE00481210004d
roland.ext.sd.dt.multi.timbre.midiCh14.rxProgram	41DE00481210004d00
roland.ext.sd.dt.multi.timbre.midiCh14.rxBank	41DE00481210004d01
roland.ext.sd.dt.multi.timbre.midiCh14.rxPitch	41DE00481210004d02
roland.ext.sd.dt.multi.timbre.midiCh14.rxNAt	41DE00481210004d03
roland.ext.sd.dt.multi.timbre.midiCh14.rxPAt	41DE00481210004d04
roland.ext.sd.dt.multi.timbre.midiCh14.rxModulation	41DE00481210004d05
roland.ext.sd.dt.multi.timbre.midiCh14.rxVolume	41DE00481210004d06
roland.ext.sd.dt.multi.timbre.midiCh14.rxPanpot	41DE00481210004d07
roland.ext.sd.dt.multi.timbre.midiCh14.rxExpression	41DE00481210004d08
roland.ext.sd.dt.multi.timbre.midiCh14.rxSustain	41DE00481210004d09
roland.ext.sd.dt.multi.timbre.midiCh14.phaseLock	41DE00481210004d0a
roland.ext.sd.dt.multi.timbre.midiCh14.veloCurveType	41DE00481210004d0b
roland.ext.sd.dt.multi.timbre.midiCh15	41DE00481210004e
roland.ext.sd.dt.multi.timbre.midiCh15.rxProgram	41DE00481210004e00
roland.ext.sd.dt.multi.timbre.midiCh15.rxBank	41DE00481210004e01
roland.ext.sd.dt.multi.timbre.midiCh15.rxPitch	41DE00481210004e02
roland.ext.sd.dt.multi.timbre.midiCh15.rxNAt	41DE00481210004e03
roland.ext.sd.dt.multi.timbre.midiCh15.rxPAt	41DE00481210004e04
roland.ext.sd.dt.multi.timbre.midiCh15.rxModulation	41DE00481210004e05
roland.ext.sd.dt.multi.timbre.midiCh15.rxVolume	41DE00481210004e06
roland.ext.sd.dt.multi.timbre.midiCh15.rxPanpot	41DE00481210004e07
roland.ext.sd.dt.multi.timbre.midiCh15.rxExpression	41DE00481210004e08
roland.ext.sd.dt.multi.timbre.midiCh15.rxSustain	41DE00481210004e09
roland.ext.sd.dt.multi.timbre.midiCh15.phaseLock	41DE00481210004e0a
roland.ext.sd.dt.multi.timbre.midiCh15.veloCurveType	41DE00481210004e0b
roland.ext.sd.dt.multi.timbre.midiCh16	41DE00481210004f
roland.ext.sd.dt.multi.timbre.midiCh16.rxProgram	41DE00481210004f00
roland.ext.sd.dt.multi.timbre.midiCh16.rxBank	41DE00481210004f01
roland.ext.sd.dt.multi.timbre.midiCh16.rxPitch	41DE00481210004f02
roland.ext.sd.dt.multi.timbre.midiCh16.rxNAt	41DE00481210004f03
roland.ext.sd.dt.multi.timbre.midiCh16.rxPAt	41DE00481210004f04
roland.ext.sd.dt.multi.timbre.midiCh16.rxModulation	41DE00481210004f05
roland.ext.sd.dt.multi.timbre.midiCh16.rxVolume	41DE00481210004f06
roland.ext.sd.dt.multi.timbre.midiCh16.rxPanpot	41DE00481210004f07
roland.ext.sd.dt.multi.timbre.midiCh16.rxExpression	41DE00481210004f08
roland.ext.sd.dt.multi.timbre.midiCh16.rxSustain	41DE00481210004f09
roland.ext.sd.dt.multi.timbre.midiCh16.phaseLock	41DE00481210004f0a
roland.ext.sd.dt.multi.timbre.midiCh16.veloCurveType	41DE00481210004f0b
roland.ext.sd.dt.multi.timbre.midiCh17	41DE004812100050
roland.ext.sd.dt.multi.timbre.midiCh17.rxProgram	41DE00481210005000
roland.ext.sd.dt.multi.timbre.midiCh17.rxBank	41DE00481210005001
roland.ext.sd.dt.multi.timbre.midiCh17.rxPitch	41DE00481210005002
roland.ext.sd.dt.multi.timbre.midiCh17.rxNAt	41DE00481210005003
roland.ext.sd.dt.multi.timbre.midiCh17.rxPAt	41DE00481210005004
roland.ext.sd.dt.multi.timbre.midiCh17.rxModulation	41DE00481210005005
roland.ext.sd.dt.multi.timbre.midiCh17.rxVolume	41DE00481210005006
roland.ext.sd.dt.multi.timbre.midiCh17.rxPanpot	41DE00481210005007
roland.ext.sd.dt.multi.timbre.midiCh17.rxExpression	41DE00481210005008
roland.ext.sd.dt.multi.timbre.midiCh17.rxSustain	41DE00481210005009
roland.ext.sd.dt.multi.timbre.midiCh17.phaseLock	41DE0048121000500a
roland.ext.sd.dt.multi.timbre.midiCh17.veloCurveType	41DE0048121000500b
roland.ext.sd.dt.multi.timbre.midiCh18	41DE004812100051
roland.ext.sd.dt.multi.timbre.midiCh18.rxProgram	41DE00481210005100
roland.ext.sd.dt.multi.timbre.midiCh18.rxBank	41DE00481210005101
roland.ext.sd.dt.multi.timbre.midiCh18.rxPitch	41DE00481210005102
roland.ext.sd.dt.multi.timbre.midiCh18.rxNAt	41DE00481210005103
roland.ext.sd.dt.multi.timbre.midiCh18.rxPAt	41DE00481210005104
roland.ext.sd.dt.multi.timbre.midiCh18.rxModulation	41DE00481210005105
roland.ext.sd.dt.multi.timbre.midiCh18.rxVolume	41DE00481210005106
roland.ext.sd.dt.multi.timbre.midiCh18.rxPanpot	41DE00481210005107
roland.ext.sd.dt.multi.timbre.midiCh18.rxExpression	41DE00481210005108
roland.ext.sd.dt.multi.timbre.midiCh18.rxSustain	41DE00481210005109
roland.ext.sd.dt.multi.timbre.midiCh18.phaseLock	41DE0048121000510a
roland.ext.sd.dt.multi.timbre.midiCh18.veloCurveType	41DE0048121000510b
roland.ext.sd.dt.multi.timbre.midiCh19	41DE004812100052
roland.ext.sd.dt.multi.timbre.midiCh19.rxProgram	41DE00481210005200
roland.ext.sd.dt.multi.timbre.midiCh19.rxBank	41DE00481210005201
roland.ext.sd.dt.multi.timbre.midiCh19.rxPitch	41DE00481210005202
roland.ext.sd.dt.multi.timbre.midiCh19.rxNAt	41DE00481210005203
roland.ext.sd.dt.multi.timbre.midiCh19.rxPAt	41DE00481210005204
roland.ext.sd.dt.multi.timbre.midiCh19.rxModulation	41DE00481210005205
roland.ext.sd.dt.multi.timbre.midiCh19.rxVolume	41DE00481210005206
roland.ext.sd.dt.multi.timbre.midiCh19.rxPanpot	41DE00481210005207
roland.ext.sd.dt.multi.timbre.midiCh19.rxExpression	41DE00481210005208
roland.ext.sd.dt.multi.timbre.midiCh19.rxSustain	41DE00481210005209
roland.ext.sd.dt.multi.timbre.midiCh19.phaseLock	41DE0048121000520a
roland.ext.sd.dt.multi.timbre.midiCh19.veloCurveType	41DE0048121000520b
roland.ext.sd.dt.multi.timbre.midiCh20	41DE004812100053
roland.ext.sd.dt.multi.timbre.midiCh20.rxProgram	41DE00481210005300
roland.ext.sd.dt.multi.timbre.midiCh20.rxBank	41DE00481210005301
roland.ext.sd.dt.multi.timbre.midiCh20.rxPitch	41DE00481210005302
roland.ext.sd.dt.multi.timbre.midiCh20.rxNAt	41DE00481210005303
roland.ext.sd.dt.multi.timbre.midiCh20.rxPAt	41DE00481210005304
roland.ext.sd.dt.multi.timbre.midiCh20.rxModulation	41DE00481210005305
roland.ext.sd.dt.multi.timbre.midiCh20.rxVolume	41DE00481210005306
roland.ext.sd.dt.multi.timbre.midiCh20.rxPanpot	41DE00481210005307
roland.ext.sd.dt.multi.timbre.midiCh20.rxExpression	41DE00481210005308
roland.ext.sd.dt.multi.timbre.midiCh20.rxSustain	41DE00481210005309
roland.ext.sd.dt.multi.timbre.midiCh20.phaseLock	41DE0048121000530a
roland.ext.sd.dt.multi.timbre.midiCh20.veloCurveType	41DE0048121000530b
roland.ext.sd.dt.multi.timbre.midiCh21	41DE004812100054
roland.ext.sd.dt.multi.timbre.midiCh21.rxProgram	41DE00481210005400
roland.ext.sd.dt.multi.timbre.midiCh21.rxBank	41DE00481210005401
roland.ext.sd.dt.multi.timbre.midiCh21.rxPitch	41DE00481210005402
roland.ext.sd.dt.multi.timbre.midiCh21.rxNAt	41DE00481210005403
roland.ext.sd.dt.multi.timbre.midiCh21.rxPAt	41DE00481210005404
roland.ext.sd.dt.multi.timbre.midiCh21.rxModulation	41DE00481210005405
roland.ext.sd.dt.multi.timbre.midiCh21.rxVolume	41DE00481210005406
roland.ext.sd.dt.multi.timbre.midiCh21.rxPanpot	41DE00481210005407
roland.ext.sd.dt.multi.timbre.midiCh21.rxExpression	41DE00481210005408
roland.ext.sd.dt.multi.timbre.midiCh21.rxSustain	41DE00481210005409
roland.ext.sd.dt.multi.timbre.midiCh21.phaseLock	41DE0048121000540a
roland.ext.sd.dt.multi.timbre.midiCh21.veloCurveType	41DE0048121000540b
roland.ext.sd.dt.multi.timbre.midiCh22	41DE004812100055
roland.ext.sd.dt.multi.timbre.midiCh22.rxProgram	41DE00481210005500
roland.ext.sd.dt.multi.timbre.midiCh22.rxBank	41DE00481210005501
roland.ext.sd.dt.multi.timbre.midiCh22.rxPitch	41DE00481210005502
roland.ext.sd.dt.multi.timbre.midiCh22.rxNAt	41DE00481210005503
roland.ext.sd.dt.multi.timbre.midiCh22.rxPAt	41DE00481210005504
roland.ext.sd.dt.multi.timbre.midiCh22.rxModulation	41DE00481210005505
roland.ext.sd.dt.multi.timbre.midiCh22.rxVolume	41DE00481210005506
roland.ext.sd.dt.multi.timbre.midiCh22.rxPanpot	41DE00481210005507
roland.ext.sd.dt.multi.timbre.midiCh22.rxExpression	41DE00481210005508
roland.ext.sd.dt.multi.timbre.midiCh22.rxSustain	41DE00481210005509
roland.ext.sd.dt.multi.timbre.midiCh22.phaseLock	41DE0048121000550a
roland.ext.sd.dt.multi.timbre.midiCh22.veloCurveType	41DE0048121000550b
roland.ext.sd.dt.multi.timbre.midiCh23	41DE004812100056
roland.ext.sd.dt.multi.timbre.midiCh23.rxProgram	41DE00481210005600
roland.ext.sd.dt.multi.timbre.midiCh23.rxBank	41DE00481210005601
roland.ext.sd.dt.multi.timbre.midiCh23.rxPitch	41DE00481210005602
roland.ext.sd.dt.multi.timbre.midiCh23.rxNAt	41DE00481210005603
roland.ext.sd.dt.multi.timbre.midiCh23.rxPAt	41DE00481210005604
roland.ext.sd.dt.multi.timbre.midiCh23.rxModulation	41DE00481210005605
roland.ext.sd.dt.multi.timbre.midiCh23.rxVolume	41DE00481210005606
roland.ext.sd.dt.multi.timbre.midiCh23.rxPanpot	41DE00481210005607
roland.ext.sd.dt.multi.timbre.midiCh23.rxExpression	41DE00481210005608
roland.ext.sd.dt.multi.timbre.midiCh23.rxSustain	41DE00481210005609
roland.ext.sd.dt.multi.timbre.midiCh23.phaseLock	41DE0048121000560a
roland.ext.sd.dt.multi.timbre.midiCh23.veloCurveType	41DE0048121000560b
roland.ext.sd.dt.multi.timbre.midiCh24	41DE004812100057
roland.ext.sd.dt.multi.timbre.midiCh24.rxProgram	41DE00481210005700
roland.ext.sd.dt.multi.timbre.midiCh24.rxBank	41DE00481210005701
roland.ext.sd.dt.multi.timbre.midiCh24.rxPitch	41DE00481210005702
roland.ext.sd.dt.multi.timbre.midiCh24.rxNAt	41DE00481210005703
roland.ext.sd.dt.multi.timbre.midiCh24.rxPAt	41DE00481210005704
roland.ext.sd.dt.multi.timbre.midiCh24.rxModulation	41DE00481210005705
roland.ext.sd.dt.multi.timbre.midiCh24.rxVolume	41DE00481210005706
roland.ext.sd.dt.multi.timbre.midiCh24.rxPanpot	41DE00481210005707
roland.ext.sd.dt.multi.timbre.midiCh24.rxExpression	41DE00481210005708
roland.ext.sd.dt.multi.timbre.midiCh24.rxSustain	41DE00481210005709
roland.ext.sd.dt.multi.timbre.midiCh24.phaseLock	41DE0048121000570a
roland.ext.sd.dt.multi.timbre.midiCh24.veloCurveType	41DE0048121000570b
roland.ext.sd.dt.multi.timbre.midiCh25	41DE004812100058
roland.ext.sd.dt.multi.timbre.midiCh25.rxProgram	41DE00481210005800
roland.ext.sd.dt.multi.timbre.midiCh25.rxBank	41DE00481210005801
roland.ext.sd.dt.multi.timbre.midiCh25.rxPitch	41DE00481210005802
roland.ext.sd.dt.multi.timbre.midiCh25.rxNAt	41DE00481210005803
roland.ext.sd.dt.multi.timbre.midiCh25.rxPAt	41DE00481210005804
roland.ext.sd.dt.multi.timbre.midiCh25.rxModulation	41DE00481210005805
roland.ext.sd.dt.multi.timbre.midiCh25.rxVolume	41DE00481210005806
roland.ext.sd.dt.multi.timbre.midiCh25.rxPanpot	41DE00481210005807
roland.ext.sd.dt.multi.timbre.midiCh25.rxExpression	41DE00481210005808
roland.ext.sd.dt.multi.timbre.midiCh25.rxSustain	41DE00481210005809
roland.ext.sd.dt.multi.timbre.midiCh25.phaseLock	41DE0048121000580a
roland.ext.sd.dt.multi.timbre.midiCh25.veloCurveType	41DE0048121000580b
roland.ext.sd.dt.multi.timbre.midiCh26	41DE004812100059
roland.ext.sd.dt.multi.timbre.midiCh26.rxProgram	41DE00481210005900
roland.ext.sd.dt.multi.timbre.midiCh26.rxBank	41DE00481210005901
roland.ext.sd.dt.multi.timbre.midiCh26.rxPitch	41DE00481210005902
roland.ext.sd.dt.multi.timbre.midiCh26.rxNAt	41DE00481210005903
roland.ext.sd.dt.multi.timbre.midiCh26.rxPAt	41DE00481210005904
roland.ext.sd.dt.multi.timbre.midiCh26.rxModulation	41DE00481210005905
roland.ext.sd.dt.multi.timbre.midiCh26.rxVolume	41DE00481210005906
roland.ext.sd.dt.multi.timbre.midiCh26.rxPanpot	41DE00481210005907
roland.ext.sd.dt.multi.timbre.midiCh26.rxExpression	41DE00481210005908
roland.ext.sd.dt.multi.timbre.midiCh26.rxSustain	41DE00481210005909
roland.ext.sd.dt.multi.timbre.midiCh26.phaseLock	41DE0048121000590a
roland.ext.sd.dt.multi.timbre.midiCh26.veloCurveType	41DE0048121000590b
roland.ext.sd.dt.multi.timbre.midiCh27	41DE00481210005a
roland.ext.sd.dt.multi.timbre.midiCh27.rxProgram	41DE00481210005a00
roland.ext.sd.dt.multi.timbre.midiCh27.rxBank	41DE00481210005a01
roland.ext.sd.dt.multi.timbre.midiCh27.rxPitch	41DE00481210005a02
roland.ext.sd.dt.multi.timbre.midiCh27.rxNAt	41DE00481210005a03
roland.ext.sd.dt.multi.timbre.midiCh27.rxPAt	41DE00481210005a04
roland.ext.sd.dt.multi.timbre.midiCh27.rxModulation	41DE00481210005a05
roland.ext.sd.dt.multi.timbre.midiCh27.rxVolume	41DE00481210005a06
roland.ext.sd.dt.multi.timbre.midiCh27.rxPanpot	41DE00481210005a07
roland.ext.sd.dt.multi.timbre.midiCh27.rxExpression	41DE00481210005a08
roland.ext.sd.dt.multi.timbre.midiCh27.rxSustain	41DE00481210005a09
roland.ext.sd.dt.multi.timbre.midiCh27.phaseLock	41DE00481210005a0a
roland.ext.sd.dt.multi.timbre.midiCh27.veloCurveType	41DE00481210005a0b
roland.ext.sd.dt.multi.timbre.midiCh28	41DE00481210005b
roland.ext.sd.dt.multi.timbre.midiCh28.rxProgram	41DE00481210005b00
roland.ext.sd.dt.multi.timbre.midiCh28.rxBank	41DE00481210005b01
roland.ext.sd.dt.multi.timbre.midiCh28.rxPitch	41DE00481210005b02
roland.ext.sd.dt.multi.timbre.midiCh28.rxNAt	41DE00481210005b03
roland.ext.sd.dt.multi.timbre.midiCh28.rxPAt	41DE00481210005b04
roland.ext.sd.dt.multi.timbre.midiCh28.rxModulation	41DE00481210005b05
roland.ext.sd.dt.multi.timbre.midiCh28.rxVolume	41DE00481210005b06
roland.ext.sd.dt.multi.timbre.midiCh28.rxPanpot	41DE00481210005b07
roland.ext.sd.dt.multi.timbre.midiCh28.rxExpression	41DE00481210005b08
roland.ext.sd.dt.multi.timbre.midiCh28.rxSustain	41DE00481210005b09
roland.ext.sd.dt.multi.timbre.midiCh28.phaseLock	41DE00481210005b0a
roland.ext.sd.dt.multi.timbre.midiCh28.veloCurveType	41DE00481210005b0b
roland.ext.sd.dt.multi.timbre.midiCh29	41DE00481210005c
roland.ext.sd.dt.multi.timbre.midiCh29.rxProgram	41DE00481210005c00
roland.ext.sd.dt.multi.timbre.midiCh29.rxBank	41DE00481210005c01
roland.ext.sd.dt.multi.timbre.midiCh29.rxPitch	41DE00481210005c02
roland.ext.sd.dt.multi.timbre.midiCh29.rxNAt	41DE00481210005c03
roland.ext.sd.dt.multi.timbre.midiCh29.rxPAt	41DE00481210005c04
roland.ext.sd.dt.multi.timbre.midiCh29.rxModulation	41DE00481210005c05
roland.ext.sd.dt.multi.timbre.midiCh29.rxVolume	41DE00481210005c06
roland.ext.sd.dt.multi.timbre.midiCh29.rxPanpot	41DE00481210005c07
roland.ext.sd.dt.multi.timbre.midiCh29.rxExpression	41DE00481210005c08
roland.ext.sd.dt.multi.timbre.midiCh29.rxSustain	41DE00481210005c09
roland.ext.sd.dt.multi.timbre.midiCh29.phaseLock	41DE00481210005c0a
roland.ext.sd.dt.multi.timbre.midiCh29.veloCurveType	41DE00481210005c0b
roland.ext.sd.dt.multi.timbre.midiCh30	41DE00481210005d
roland.ext.sd.dt.multi.timbre.midiCh30.rxProgram	41DE00481210005d00
roland.ext.sd.dt.multi.timbre.midiCh30.rxBank	41DE00481210005d01
roland.ext.sd.dt.multi.timbre.midiCh30.rxPitch	41DE00481210005d02
roland.ext.sd.dt.multi.timbre.midiCh30.rxNAt	41DE00481210005d03
roland.ext.sd.dt.multi.timbre.midiCh30.rxPAt	41DE00481210005d04
roland.ext.sd.dt.multi.timbre.midiCh30.rxModulation	41DE00481210005d05
roland.ext.sd.dt.multi.timbre.midiCh30.rxVolume	41DE00481210005d06
roland.ext.sd.dt.multi.timbre.midiCh30.rxPanpot	41DE00481210005d07
roland.ext.sd.dt.multi.timbre.midiCh30.rxExpression	41DE00481210005d08
roland.ext.sd.dt.multi.timbre.midiCh30.rxSustain	41DE00481210005d09
roland.ext.sd.dt.multi.timbre.midiCh30.phaseLock	41DE00481210005d0a
roland.ext.sd.dt.multi.timbre.midiCh30.veloCurveType	41DE00481210005d0b
roland.ext.sd.dt.multi.timbre.midiCh31	41DE00481210005e
roland.ext.sd.dt.multi.timbre.midiCh31.rxProgram	41DE00481210005e00
roland.ext.sd.dt.multi.timbre.midiCh31.rxBank	41DE00481210005e01
roland.ext.sd.dt.multi.timbre.midiCh31.rxPitch	41DE00481210005e02
roland.ext.sd.dt.multi.timbre.midiCh31.rxNAt	41DE00481210005e03
roland.ext.sd.dt.multi.timbre.midiCh31.rxPAt	41DE00481210005e04
roland.ext.sd.dt.multi.timbre.midiCh31.rxModulation	41DE00481210005e05
roland.ext.sd.dt.multi.timbre.midiCh31.rxVolume	41DE00481210005e06
roland.ext.sd.dt.multi.timbre.midiCh31.rxPanpot	41DE00481210005e07
roland.ext.sd.dt.multi.timbre.midiCh31.rxExpression	41DE00481210005e08
roland.ext.sd.dt.multi.timbre.midiCh31.rxSustain	41DE00481210005e09
roland.ext.sd.dt.multi.timbre.midiCh31.phaseLock	41DE00481210005e0a
roland.ext.sd.dt.multi.timbre.midiCh31.veloCurveType	41DE00481210005e0b
roland.ext.sd.dt.multi.timbre.midiCh32	41DE00481210005f
roland.ext.sd.dt.multi.timbre.midiCh32.rxProgram	41DE00481210005f00
roland.ext.sd.dt.multi.timbre.midiCh32.rxBank	41DE00481210005f01
roland.ext.sd.dt.multi.timbre.midiCh32.rxPitch	41DE00481210005f02
roland.ext.sd.dt.multi.timbre.midiCh32.rxNAt	41DE00481210005f03
roland.ext.sd.dt.multi.timbre.midiCh32.rxPAt	41DE00481210005f04
roland.ext.sd.dt.multi.timbre.midiCh32.rxModulation	41DE00481210005f05
roland.ext.sd.dt.multi.timbre.midiCh32.rxVolume	41DE00481210005f06
roland.ext.sd.dt.multi.timbre.midiCh32.rxPanpot	41DE00481210005f07
roland.ext.sd.dt.multi.timbre.midiCh32.rxExpression	41DE00481210005f08
roland.ext.sd.dt.multi.timbre.midiCh32.rxSustain	41DE00481210005f09
roland.ext.sd.dt.multi.timbre.midiCh32.phaseLock	41DE00481210005f0a
roland.ext.sd.dt.multi.timbre.midiCh32.veloCurveType	41DE00481210005f0b
roland.ext.sd.dt.partGroup1	41DE00481211
roland.ext.sd.dt.partGroup2	41DE00481212
roland.ext.sd.dt.partGroup3	41DE00481213
roland.ext.sd.dt.partGroup4	41DE00481214
roland.ext.sd.dt.partGroup5	41DE00481215
roland.ext.sd.dt.partGroup6	41DE00481216
roland.ext.sd.dt.partGroup7	41DE00481217
roland.ext.sd.dt.partGroup8	41DE00481218
roland.gs	41DE42
korg	42DE
yamaha	43DE
casio	44DE
kamiya	46DE
akai	47DE
victor	48DE
fujitsu	4bDE
sony	4cDE
teac	4eDE
matsushitaE	50DE
fostex	51DE
zoom	52DE
matsushitaC	54DE
suzuki	55DE
fujiSound	56DE
atl	57DE
faith	59DE
internet	5aDE
seekers	5cDE
sdCard	5fDE
unr	7eDE
unr.device	7eDE04
unr.info	7eDE06
unr.info.identityReq	7eDE0601
unr.info.identityRep	7eDE0602
unr.gm	7eDE09
unr.gm.gm1	7eDE0901
unr.gm.off	7eDE0902
unr.gm.gm2	7eDE0903
ur	7fDE